"BehaviorSpace results (NetLogo 7.0.3)","Spreadsheet version 2.0"
"Beckage_Netlogo7_butterfliesObs_sol.nlogox"
"q to maximize neighbors"
"05/05/2026 09:48:50:184 -0400"
"min-pxcor","max-pxcor","min-pycor","max-pycor"
"0","149","0","149"
"[run number]","1","1","2","2","3","3","4","4","5","5","6","6","7","7","8","8","9","9","10","10","11","11","12","12","13","13","14","14","15","15","16","16","17","17","18","18","19","19","20","20","21","21","22","22","23","23","24","24","25","25","26","26","27","27","28","28","29","29","30","30","31","31","32","32","33","33","34","34","35","35","36","36","37","37","38","38","39","39","40","40","41","41","42","42","43","43","44","44","45","45","46","46","47","47","48","48","49","49","50","50","51","51","52","52","53","53","54","54","55","55","56","56","57","57","58","58","59","59","60","60","61","61","62","62","63","63","64","64","65","65","66","66","67","67","68","68","69","69","70","70","71","71","72","72","73","73","74","74","75","75","76","76","77","77","78","78","79","79","80","80","81","81","82","82","83","83","84","84","85","85","86","86","87","87","88","88","89","89","90","90","91","91","92","92","93","93","94","94","95","95","96","96","97","97","98","98","99","99","100","100","101","101","102","102","103","103","104","104","105","105","106","106","107","107","108","108","109","109","110","110","111","111","112","112","113","113","114","114","115","115","116","116","117","117","118","118","119","119","120","120","121","121","122","122","123","123","124","124","125","125","126","126","127","127","128","128","129","129","130","130","131","131","132","132","133","133","134","134","135","135","136","136","137","137","138","138","139","139","140","140","141","141","142","142","143","143","144","144","145","145","146","146","147","147","148","148","149","149","150","150","151","151","152","152","153","153","154","154","155","155","156","156","157","157","158","158","159","159","160","160","161","161","162","162","163","163","164","164","165","165","166","166","167","167","168","168","169","169","170","170","171","171","172","172","173","173","174","174","175","175","176","176","177","177","178","178","179","179","180","180","181","181","182","182","183","183","184","184","185","185","186","186","187","187","188","188","189","189","190","190","191","191","192","192","193","193","194","194","195","195","196","196","197","197","198","198","199","199","200","200","201","201","202","202","203","203","204","204","205","205","206","206","207","207","208","208","209","209","210","210","211","211","212","212","213","213","214","214","215","215","216","216","217","217","218","218","219","219","220","220","221","221","222","222","223","223","224","224","225","225","226","226","227","227","228","228","229","229","230","230","231","231","232","232","233","233","234","234","235","235","236","236","237","237","238","238","239","239","240","240","241","241","242","242","243","243","244","244","245","245","246","246","247","247","248","248","249","249","250","250","251","251","252","252","253","253","254","254","255","255","256","256","257","257","258","258","259","259","260","260","261","261","262","262","263","263","264","264","265","265","266","266","267","267","268","268","269","269","270","270","271","271","272","272","273","273","274","274","275","275","276","276","277","277","278","278","279","279","280","280","281","281","282","282","283","283","284","284","285","285","286","286","287","287","288","288","289","289","290","290","291","291","292","292","293","293","294","294","295","295","296","296","297","297","298","298","299","299","300","300","301","301","302","302","303","303","304","304","305","305","306","306","307","307","308","308","309","309","310","310","311","311","312","312","313","313","314","314","315","315","316","316","317","317","318","318","319","319","320","320","321","321","322","322","323","323","324","324","325","325","326","326","327","327","328","328","329","329","330","330","331","331","332","332","333","333","334","334","335","335","336","336","337","337","338","338","339","339","340","340","341","341","342","342","343","343","344","344","345","345","346","346","347","347","348","348","349","349","350","350","351","351","352","352","353","353","354","354","355","355","356","356","357","357","358","358","359","359","360","360","361","361","362","362","363","363","364","364","365","365","366","366","367","367","368","368","369","369","370","370","371","371","372","372","373","373","374","374","375","375","376","376","377","377","378","378","379","379","380","380","381","381","382","382","383","383","384","384","385","385","386","386","387","387","388","388","389","389","390","390","391","391","392","392","393","393","394","394","395","395","396","396","397","397","398","398","399","399","400","400","401","401","402","402","403","403","404","404","405","405","406","406","407","407","408","408","409","409","410","410","411","411","412","412","413","413","414","414","415","415","416","416","417","417","418","418","419","419","420","420","421","421","422","422","423","423","424","424","425","425","426","426","427","427","428","428","429","429","430","430","431","431","432","432","433","433","434","434","435","435","436","436","437","437","438","438","439","439","440","440","441","441","442","442","443","443","444","444","445","445","446","446","447","447","448","448","449","449","450","450","451","451","452","452","453","453","454","454","455","455","456","456","457","457","458","458","459","459","460","460","461","461","462","462","463","463","464","464","465","465","466","466","467","467","468","468","469","469","470","470","471","471","472","472","473","473","474","474","475","475","476","476","477","477","478","478","479","479","480","480","481","481","482","482","483","483","484","484","485","485","486","486","487","487","488","488","489","489","490","490","491","491","492","492","493","493","494","494","495","495","496","496","497","497","498","498","499","499","500","500","501","501","502","502","503","503","504","504","505","505","506","506","507","507","508","508","509","509","510","510","511","511","512","512","513","513","514","514","515","515","516","516","517","517","518","518","519","519","520","520","521","521","522","522","523","523","524","524","525","525","526","526","527","527","528","528","529","529","530","530","531","531","532","532","533","533","534","534","535","535","536","536","537","537","538","538","539","539","540","540","541","541","542","542","543","543","544","544","545","545","546","546","547","547","548","548","549","549","550","550","551","551","552","552","553","553","554","554","555","555","556","556","557","557","558","558","559","559","560","560","561","561","562","562","563","563","564","564","565","565","566","566","567","567","568","568","569","569","570","570","571","571","572","572","573","573","574","574","575","575","576","576","577","577","578","578","579","579","580","580","581","581","582","582","583","583","584","584","585","585","586","586","587","587","588","588","589","589","590","590","591","591","592","592","593","593","594","594","595","595","596","596","597","597","598","598","599","599","600","600","601","601","602","602","603","603","604","604","605","605","606","606","607","607","608","608","609","609","610","610","611","611","612","612","613","613","614","614","615","615","616","616","617","617","618","618","619","619","620","620","621","621","622","622","623","623","624","624","625","625","626","626","627","627","628","628","629","629","630","630","631","631","632","632","633","633","634","634","635","635","636","636","637","637","638","638","639","639","640","640","641","641","642","642","643","643","644","644","645","645","646","646","647","647","648","648","649","649","650","650","651","651","652","652","653","653","654","654","655","655","656","656","657","657","658","658","659","659","660","660","661","661","662","662","663","663","664","664","665","665","666","666","667","667","668","668","669","669","670","670","671","671","672","672","673","673","674","674","675","675","676","676","677","677","678","678","679","679","680","680","681","681","682","682","683","683","684","684","685","685","686","686","687","687","688","688","689","689","690","690","691","691","692","692","693","693","694","694","695","695","696","696","697","697","698","698","699","699","700","700","701","701","702","702","703","703","704","704","705","705","706","706","707","707","708","708","709","709","710","710","711","711","712","712","713","713","714","714","715","715","716","716","717","717","718","718","719","719","720","720","721","721","722","722","723","723","724","724","725","725","726","726","727","727","728","728","729","729","730","730","731","731","732","732","733","733","734","734","735","735","736","736","737","737","738","738","739","739","740","740","741","741","742","742","743","743","744","744","745","745","746","746","747","747","748","748","749","749","750","750","751","751","752","752","753","753","754","754","755","755","756","756","757","757","758","758","759","759","760","760","761","761","762","762","763","763","764","764","765","765","766","766","767","767","768","768","769","769","770","770","771","771","772","772","773","773","774","774","775","775","776","776","777","777","778","778","779","779","780","780","781","781","782","782","783","783","784","784","785","785","786","786","787","787","788","788","789","789","790","790","791","791","792","792","793","793","794","794","795","795","796","796","797","797","798","798","799","799","800","800","801","801","802","802","803","803","804","804","805","805","806","806","807","807","808","808","809","809","810","810","811","811","812","812","813","813","814","814","815","815","816","816","817","817","818","818","819","819","820","820","821","821","822","822","823","823","824","824","825","825","826","826","827","827","828","828","829","829","830","830","831","831","832","832","833","833","834","834","835","835","836","836","837","837","838","838","839","839","840","840","841","841","842","842","843","843","844","844","845","845","846","846","847","847","848","848","849","849","850","850","851","851","852","852","853","853","854","854","855","855","856","856","857","857","858","858","859","859","860","860","861","861","862","862","863","863","864","864","865","865","866","866","867","867","868","868","869","869","870","870","871","871","872","872","873","873","874","874","875","875","876","876","877","877","878","878","879","879","880","880","881","881","882","882","883","883","884","884","885","885","886","886","887","887","888","888","889","889","890","890","891","891","892","892","893","893","894","894","895","895","896","896","897","897","898","898","899","899","900","900","901","901","902","902","903","903","904","904","905","905","906","906","907","907","908","908","909","909","910","910","911","911","912","912","913","913","914","914","915","915","916","916","917","917","918","918","919","919","920","920","921","921","922","922","923","923","924","924","925","925","926","926","927","927","928","928","929","929","930","930","931","931","932","932","933","933","934","934","935","935","936","936","937","937","938","938","939","939","940","940","941","941","942","942","943","943","944","944","945","945","946","946","947","947","948","948","949","949","950","950","951","951","952","952","953","953","954","954","955","955","956","956","957","957","958","958","959","959","960","960","961","961","962","962","963","963","964","964","965","965","966","966","967","967","968","968","969","969","970","970","971","971","972","972","973","973","974","974","975","975","976","976","977","977","978","978","979","979","980","980","981","981","982","982","983","983","984","984","985","985","986","986","987","987","988","988","989","989","990","990","991","991","992","992","993","993","994","994","995","995","996","996","997","997","998","998","999","999","1000","1000","1001","1001","1002","1002","1003","1003","1004","1004","1005","1005","1006","1006","1007","1007","1008","1008","1009","1009","1010","1010"
"exportCorridorWidth?","false",,"false",,"false",,"false",,"false",,"false",,"false",,"false",,"false",,"false",,"false",,"false",,"false",,"false",,"false",,"false",,"false",,"false",,"false",,"false",,"false",,"false",,"false",,"false",,"false",,"false",,"false",,"false",,"false",,"false",,"false",,"false",,"false",,"false",,"false",,"false",,"false",,"false",,"false",,"false",,"false",,"false",,"false",,"false",,"false",,"false",,"false",,"false",,"false",,"false",,"false",,"false",,"false",,"false",,"false",,"false",,"false",,"false",,"false",,"false",,"false",,"false",,"false",,"false",,"false",,"false",,"false",,"false",,"false",,"false",,"false",,"false",,"false",,"false",,"false",,"false",,"false",,"false",,"false",,"false",,"false",,"false",,"false",,"false",,"false",,"false",,"false",,"false",,"false",,"false",,"false",,"false",,"false",,"false",,"false",,"false",,"false",,"false",,"false",,"false",,"false",,"false",,"false",,"false",,"false",,"false",,"false",,"false",,"false",,"false",,"false",,"false",,"false",,"false",,"false",,"false",,"false",,"false",,"false",,"false",,"false",,"false",,"false",,"false",,"false",,"false",,"false",,"false",,"false",,"false",,"false",,"false",,"false",,"false",,"false",,"false",,"false",,"false",,"false",,"false",,"false",,"false",,"false",,"false",,"false",,"false",,"false",,"false",,"false",,"false",,"false",,"false",,"false",,"false",,"false",,"false",,"false",,"false",,"false",,"false",,"false",,"false",,"false",,"false",,"false",,"false",,"false",,"false",,"false",,"false",,"false",,"false",,"false",,"false",,"false",,"false",,"false",,"false",,"false",,"false",,"false",,"false",,"false",,"false",,"false",,"false",,"false",,"false",,"false",,"false",,"false",,"false",,"false",,"false",,"false",,"false",,"false",,"false",,"false",,"false",,"false",,"false",,"false",,"false",,"false",,"false",,"false",,"false",,"false",,"false",,"false",,"false",,"false",,"false",,"false",,"false",,"false",,"false",,"false",,"false",,"false",,"false",,"false",,"false",,"false",,"false",,"false",,"false",,"false",,"false",,"false",,"false",,"false",,"false",,"false",,"false",,"false",,"false",,"false",,"false",,"false",,"false",,"false",,"false",,"false",,"false",,"false",,"false",,"false",,"false",,"false",,"false",,"false",,"false",,"false",,"false",,"false",,"false",,"false",,"false",,"false",,"false",,"false",,"false",,"false",,"false",,"false",,"false",,"false",,"false",,"false",,"false",,"false",,"false",,"false",,"false",,"false",,"false",,"false",,"false",,"false",,"false",,"false",,"false",,"false",,"false",,"false",,"false",,"false",,"false",,"false",,"false",,"false",,"false",,"false",,"false",,"false",,"false",,"false",,"false",,"false",,"false",,"false",,"false",,"false",,"false",,"false",,"false",,"false",,"false",,"false",,"false",,"false",,"false",,"false",,"false",,"false",,"false",,"false",,"false",,"false",,"false",,"false",,"false",,"false",,"false",,"false",,"false",,"false",,"false",,"false",,"false",,"false",,"false",,"false",,"false",,"false",,"false",,"false",,"false",,"false",,"false",,"false",,"false",,"false",,"false",,"false",,"false",,"false",,"false",,"false",,"false",,"false",,"false",,"false",,"false",,"false",,"false",,"false",,"false",,"false",,"false",,"false",,"false",,"false",,"false",,"false",,"false",,"false",,"false",,"false",,"false",,"false",,"false",,"false",,"false",,"false",,"false",,"false",,"false",,"false",,"false",,"false",,"false",,"false",,"false",,"false",,"false",,"false",,"false",,"false",,"false",,"false",,"false",,"false",,"false",,"false",,"false",,"false",,"false",,"false",,"false",,"false",,"false",,"false",,"false",,"false",,"false",,"false",,"false",,"false",,"false",,"false",,"false",,"false",,"false",,"false",,"false",,"false",,"false",,"false",,"false",,"false",,"false",,"false",,"false",,"false",,"false",,"false",,"false",,"false",,"false",,"false",,"false",,"false",,"false",,"false",,"false",,"false",,"false",,"false",,"false",,"false",,"false",,"false",,"false",,"false",,"false",,"false",,"false",,"false",,"false",,"false",,"false",,"false",,"false",,"false",,"false",,"false",,"false",,"false",,"false",,"false",,"false",,"false",,"false",,"false",,"false",,"false",,"false",,"false",,"false",,"false",,"false",,"false",,"false",,"false",,"false",,"false",,"false",,"false",,"false",,"false",,"false",,"false",,"false",,"false",,"false",,"false",,"false",,"false",,"false",,"false",,"false",,"false",,"false",,"false",,"false",,"false",,"false",,"false",,"false",,"false",,"false",,"false",,"false",,"false",,"false",,"false",,"false",,"false",,"false",,"false",,"false",,"false",,"false",,"false",,"false",,"false",,"false",,"false",,"false",,"false",,"false",,"false",,"false",,"false",,"false",,"false",,"false",,"false",,"false",,"false",,"false",,"false",,"false",,"false",,"false",,"false",,"false",,"false",,"false",,"false",,"false",,"false",,"false",,"false",,"false",,"false",,"false",,"false",,"false",,"false",,"false",,"false",,"false",,"false",,"false",,"false",,"false",,"false",,"false",,"false",,"false",,"false",,"false",,"false",,"false",,"false",,"false",,"false",,"false",,"false",,"false",,"false",,"false",,"false",,"false",,"false",,"false",,"false",,"false",,"false",,"false",,"false",,"false",,"false",,"false",,"false",,"false",,"false",,"false",,"false",,"false",,"false",,"false",,"false",,"false",,"false",,"false",,"false",,"false",,"false",,"false",,"false",,"false",,"false",,"false",,"false",,"false",,"false",,"false",,"false",,"false",,"false",,"false",,"false",,"false",,"false",,"false",,"false",,"false",,"false",,"false",,"false",,"false",,"false",,"false",,"false",,"false",,"false",,"false",,"false",,"false",,"false",,"false",,"false",,"false",,"false",,"false",,"false",,"false",,"false",,"false",,"false",,"false",,"false",,"false",,"false",,"false",,"false",,"false",,"false",,"false",,"false",,"false",,"false",,"false",,"false",,"false",,"false",,"false",,"false",,"false",,"false",,"false",,"false",,"false",,"false",,"false",,"false",,"false",,"false",,"false",,"false",,"false",,"false",,"false",,"false",,"false",,"false",,"false",,"false",,"false",,"false",,"false",,"false",,"false",,"false",,"false",,"false",,"false",,"false",,"false",,"false",,"false",,"false",,"false",,"false",,"false",,"false",,"false",,"false",,"false",,"false",,"false",,"false",,"false",,"false",,"false",,"false",,"false",,"false",,"false",,"false",,"false",,"false",,"false",,"false",,"false",,"false",,"false",,"false",,"false",,"false",,"false",,"false",,"false",,"false",,"false",,"false",,"false",,"false",,"false",,"false",,"false",,"false",,"false",,"false",,"false",,"false",,"false",,"false",,"false",,"false",,"false",,"false",,"false",,"false",,"false",,"false",,"false",,"false",,"false",,"false",,"false",,"false",,"false",,"false",,"false",,"false",,"false",,"false",,"false",,"false",,"false",,"false",,"false",,"false",,"false",,"false",,"false",,"false",,"false",,"false",,"false",,"false",,"false",,"false",,"false",,"false",,"false",,"false",,"false",,"false",,"false",,"false",,"false",,"false",,"false",,"false",,"false",,"false",,"false",,"false",,"false",,"false",,"false",,"false",,"false",,"false",,"false",,"false",,"false",,"false",,"false",,"false",,"false",,"false",,"false",,"false",,"false",,"false",,"false",,"false",,"false",,"false",,"false",,"false",,"false",,"false",,"false",,"false",,"false",,"false",,"false",,"false",,"false",,"false",,"false",,"false",,"false",,"false",,"false",,"false",,"false",,"false",,"false",,"false",,"false",,"false",,"false",,"false",,"false",,"false",,"false",,"false",,"false",,"false",,"false",,"false",,"false",,"false",,"false",,"false",,"false",,"false",,"false",,"false",,"false",,"false",,"false",,"false",,"false",,"false",,"false",,"false",,"false",,"false",,"false",,"false",,"false",,"false",,"false",,"false",,"false",,"false",,"false",,"false",,"false",,"false",,"false",,"false",,"false",,"false",,"false",,"false",,"false",,"false",,"false",,"false",,"false",,"false",,"false",,"false",,"false",,"false",,"false",,"false",,"false",,"false",,"false",,"false",,"false",,"false",,"false",,"false",,"false",,"false",,"false",,"false",,"false",,"false",,"false",,"false",,"false",,"false",,"false",,"false",,"false",,"false",,"false",,"false",,"false",,"false",,"false",,"false",,"false",,"false",,"false",,"false",,"false",,"false",,"false",,"false",,"false",,"false",,"false",,"false",,"false",,"false",,"false",,"false",,"false",,"false",,"false",,"false",,"false",,"false",,"false",,"false",,"false",,"false",,"false",,"false",,"false",,"false",,"false",,"false",,"false",,"false",,"false",,"false",,"false",,"false",,"false",,"false",,"false",,"false",,"false",,"false",,"false",,"false",,"false",,"false",,"false",,"false",,"false",,"false",,"false",,"false",,"false",,"false",,"false",,"false",,"false",,"false",,"false",,"false",,"false",,"false",,"false",,"false",,"false",,"false",,"false",,"false",,"false",,"false",,"false",,"false",,"false",,"false",,"false",,"false",,"false",,"false",,"false",,"false",,"false",
"ButterFliesAtOrigin?","false",,"false",,"false",,"false",,"false",,"false",,"false",,"false",,"false",,"false",,"false",,"false",,"false",,"false",,"false",,"false",,"false",,"false",,"false",,"false",,"false",,"false",,"false",,"false",,"false",,"false",,"false",,"false",,"false",,"false",,"false",,"false",,"false",,"false",,"false",,"false",,"false",,"false",,"false",,"false",,"false",,"false",,"false",,"false",,"false",,"false",,"false",,"false",,"false",,"false",,"false",,"false",,"false",,"false",,"false",,"false",,"false",,"false",,"false",,"false",,"false",,"false",,"false",,"false",,"false",,"false",,"false",,"false",,"false",,"false",,"false",,"false",,"false",,"false",,"false",,"false",,"false",,"false",,"false",,"false",,"false",,"false",,"false",,"false",,"false",,"false",,"false",,"false",,"false",,"false",,"false",,"false",,"false",,"false",,"false",,"false",,"false",,"false",,"false",,"false",,"false",,"false",,"false",,"false",,"false",,"false",,"false",,"false",,"false",,"false",,"false",,"false",,"false",,"false",,"false",,"false",,"false",,"false",,"false",,"false",,"false",,"false",,"false",,"false",,"false",,"false",,"false",,"false",,"false",,"false",,"false",,"false",,"false",,"false",,"false",,"false",,"false",,"false",,"false",,"false",,"false",,"false",,"false",,"false",,"false",,"false",,"false",,"false",,"false",,"false",,"false",,"false",,"false",,"false",,"false",,"false",,"false",,"false",,"false",,"false",,"false",,"false",,"false",,"false",,"false",,"false",,"false",,"false",,"false",,"false",,"false",,"false",,"false",,"false",,"false",,"false",,"false",,"false",,"false",,"false",,"false",,"false",,"false",,"false",,"false",,"false",,"false",,"false",,"false",,"false",,"false",,"false",,"false",,"false",,"false",,"false",,"false",,"false",,"false",,"false",,"false",,"false",,"false",,"false",,"false",,"false",,"false",,"false",,"false",,"false",,"false",,"false",,"false",,"false",,"false",,"false",,"false",,"false",,"false",,"false",,"false",,"false",,"false",,"false",,"false",,"false",,"false",,"false",,"false",,"false",,"false",,"false",,"false",,"false",,"false",,"false",,"false",,"false",,"false",,"false",,"false",,"false",,"false",,"false",,"false",,"false",,"false",,"false",,"false",,"false",,"false",,"false",,"false",,"false",,"false",,"false",,"false",,"false",,"false",,"false",,"false",,"false",,"false",,"false",,"false",,"false",,"false",,"false",,"false",,"false",,"false",,"false",,"false",,"false",,"false",,"false",,"false",,"false",,"false",,"false",,"false",,"false",,"false",,"false",,"false",,"false",,"false",,"false",,"false",,"false",,"false",,"false",,"false",,"false",,"false",,"false",,"false",,"false",,"false",,"false",,"false",,"false",,"false",,"false",,"false",,"false",,"false",,"false",,"false",,"false",,"false",,"false",,"false",,"false",,"false",,"false",,"false",,"false",,"false",,"false",,"false",,"false",,"false",,"false",,"false",,"false",,"false",,"false",,"false",,"false",,"false",,"false",,"false",,"false",,"false",,"false",,"false",,"false",,"false",,"false",,"false",,"false",,"false",,"false",,"false",,"false",,"false",,"false",,"false",,"false",,"false",,"false",,"false",,"false",,"false",,"false",,"false",,"false",,"false",,"false",,"false",,"false",,"false",,"false",,"false",,"false",,"false",,"false",,"false",,"false",,"false",,"false",,"false",,"false",,"false",,"false",,"false",,"false",,"false",,"false",,"false",,"false",,"false",,"false",,"false",,"false",,"false",,"false",,"false",,"false",,"false",,"false",,"false",,"false",,"false",,"false",,"false",,"false",,"false",,"false",,"false",,"false",,"false",,"false",,"false",,"false",,"false",,"false",,"false",,"false",,"false",,"false",,"false",,"false",,"false",,"false",,"false",,"false",,"false",,"false",,"false",,"false",,"false",,"false",,"false",,"false",,"false",,"false",,"false",,"false",,"false",,"false",,"false",,"false",,"false",,"false",,"false",,"false",,"false",,"false",,"false",,"false",,"false",,"false",,"false",,"false",,"false",,"false",,"false",,"false",,"false",,"false",,"false",,"false",,"false",,"false",,"false",,"false",,"false",,"false",,"false",,"false",,"false",,"false",,"false",,"false",,"false",,"false",,"false",,"false",,"false",,"false",,"false",,"false",,"false",,"false",,"false",,"false",,"false",,"false",,"false",,"false",,"false",,"false",,"false",,"false",,"false",,"false",,"false",,"false",,"false",,"false",,"false",,"false",,"false",,"false",,"false",,"false",,"false",,"false",,"false",,"false",,"false",,"false",,"false",,"false",,"false",,"false",,"false",,"false",,"false",,"false",,"false",,"false",,"false",,"false",,"false",,"false",,"false",,"false",,"false",,"false",,"false",,"false",,"false",,"false",,"false",,"false",,"false",,"false",,"false",,"false",,"false",,"false",,"false",,"false",,"false",,"false",,"false",,"false",,"false",,"false",,"false",,"false",,"false",,"false",,"false",,"false",,"false",,"false",,"false",,"false",,"false",,"false",,"false",,"false",,"false",,"false",,"false",,"false",,"false",,"false",,"false",,"false",,"false",,"false",,"false",,"false",,"false",,"false",,"false",,"false",,"false",,"false",,"false",,"false",,"false",,"false",,"false",,"false",,"false",,"false",,"false",,"false",,"false",,"false",,"false",,"false",,"false",,"false",,"false",,"false",,"false",,"false",,"false",,"false",,"false",,"false",,"false",,"false",,"false",,"false",,"false",,"false",,"false",,"false",,"false",,"false",,"false",,"false",,"false",,"false",,"false",,"false",,"false",,"false",,"false",,"false",,"false",,"false",,"false",,"false",,"false",,"false",,"false",,"false",,"false",,"false",,"false",,"false",,"false",,"false",,"false",,"false",,"false",,"false",,"false",,"false",,"false",,"false",,"false",,"false",,"false",,"false",,"false",,"false",,"false",,"false",,"false",,"false",,"false",,"false",,"false",,"false",,"false",,"false",,"false",,"false",,"false",,"false",,"false",,"false",,"false",,"false",,"false",,"false",,"false",,"false",,"false",,"false",,"false",,"false",,"false",,"false",,"false",,"false",,"false",,"false",,"false",,"false",,"false",,"false",,"false",,"false",,"false",,"false",,"false",,"false",,"false",,"false",,"false",,"false",,"false",,"false",,"false",,"false",,"false",,"false",,"false",,"false",,"false",,"false",,"false",,"false",,"false",,"false",,"false",,"false",,"false",,"false",,"false",,"false",,"false",,"false",,"false",,"false",,"false",,"false",,"false",,"false",,"false",,"false",,"false",,"false",,"false",,"false",,"false",,"false",,"false",,"false",,"false",,"false",,"false",,"false",,"false",,"false",,"false",,"false",,"false",,"false",,"false",,"false",,"false",,"false",,"false",,"false",,"false",,"false",,"false",,"false",,"false",,"false",,"false",,"false",,"false",,"false",,"false",,"false",,"false",,"false",,"false",,"false",,"false",,"false",,"false",,"false",,"false",,"false",,"false",,"false",,"false",,"false",,"false",,"false",,"false",,"false",,"false",,"false",,"false",,"false",,"false",,"false",,"false",,"false",,"false",,"false",,"false",,"false",,"false",,"false",,"false",,"false",,"false",,"false",,"false",,"false",,"false",,"false",,"false",,"false",,"false",,"false",,"false",,"false",,"false",,"false",,"false",,"false",,"false",,"false",,"false",,"false",,"false",,"false",,"false",,"false",,"false",,"false",,"false",,"false",,"false",,"false",,"false",,"false",,"false",,"false",,"false",,"false",,"false",,"false",,"false",,"false",,"false",,"false",,"false",,"false",,"false",,"false",,"false",,"false",,"false",,"false",,"false",,"false",,"false",,"false",,"false",,"false",,"false",,"false",,"false",,"false",,"false",,"false",,"false",,"false",,"false",,"false",,"false",,"false",,"false",,"false",,"false",,"false",,"false",,"false",,"false",,"false",,"false",,"false",,"false",,"false",,"false",,"false",,"false",,"false",,"false",,"false",,"false",,"false",,"false",,"false",,"false",,"false",,"false",,"false",,"false",,"false",,"false",,"false",,"false",,"false",,"false",,"false",,"false",,"false",,"false",,"false",,"false",,"false",,"false",,"false",,"false",,"false",,"false",,"false",,"false",,"false",,"false",,"false",,"false",,"false",,"false",,"false",,"false",,"false",,"false",,"false",,"false",,"false",,"false",,"false",,"false",,"false",,"false",,"false",,"false",,"false",,"false",,"false",,"false",,"false",,"false",,"false",,"false",,"false",,"false",,"false",,"false",,"false",,"false",,"false",,"false",,"false",,"false",,"false",,"false",,"false",,"false",,"false",,"false",,"false",,"false",,"false",,"false",,"false",,"false",,"false",,"false",,"false",,"false",,"false",,"false",,"false",,"false",,"false",,"false",,"false",,"false",,"false",,"false",,"false",,"false",,"false",,"false",,"false",,"false",,"false",,"false",,"false",,"false",,"false",,"false",,"false",,"false",,"false",,"false",,"false",,"false",,"false",,"false",,"false",,"false",,"false",,"false",,"false",,"false",,"false",,"false",,"false",,"false",,"false",,"false",,"false",,"false",,"false",,"false",,"false",,"false",,"false",
"ImportElevationData?","true",,"true",,"true",,"true",,"true",,"true",,"true",,"true",,"true",,"true",,"true",,"true",,"true",,"true",,"true",,"true",,"true",,"true",,"true",,"true",,"true",,"true",,"true",,"true",,"true",,"true",,"true",,"true",,"true",,"true",,"true",,"true",,"true",,"true",,"true",,"true",,"true",,"true",,"true",,"true",,"true",,"true",,"true",,"true",,"true",,"true",,"true",,"true",,"true",,"true",,"true",,"true",,"true",,"true",,"true",,"true",,"true",,"true",,"true",,"true",,"true",,"true",,"true",,"true",,"true",,"true",,"true",,"true",,"true",,"true",,"true",,"true",,"true",,"true",,"true",,"true",,"true",,"true",,"true",,"true",,"true",,"true",,"true",,"true",,"true",,"true",,"true",,"true",,"true",,"true",,"true",,"true",,"true",,"true",,"true",,"true",,"true",,"true",,"true",,"true",,"true",,"true",,"true",,"true",,"true",,"true",,"true",,"true",,"true",,"true",,"true",,"true",,"true",,"true",,"true",,"true",,"true",,"true",,"true",,"true",,"true",,"true",,"true",,"true",,"true",,"true",,"true",,"true",,"true",,"true",,"true",,"true",,"true",,"true",,"true",,"true",,"true",,"true",,"true",,"true",,"true",,"true",,"true",,"true",,"true",,"true",,"true",,"true",,"true",,"true",,"true",,"true",,"true",,"true",,"true",,"true",,"true",,"true",,"true",,"true",,"true",,"true",,"true",,"true",,"true",,"true",,"true",,"true",,"true",,"true",,"true",,"true",,"true",,"true",,"true",,"true",,"true",,"true",,"true",,"true",,"true",,"true",,"true",,"true",,"true",,"true",,"true",,"true",,"true",,"true",,"true",,"true",,"true",,"true",,"true",,"true",,"true",,"true",,"true",,"true",,"true",,"true",,"true",,"true",,"true",,"true",,"true",,"true",,"true",,"true",,"true",,"true",,"true",,"true",,"true",,"true",,"true",,"true",,"true",,"true",,"true",,"true",,"true",,"true",,"true",,"true",,"true",,"true",,"true",,"true",,"true",,"true",,"true",,"true",,"true",,"true",,"true",,"true",,"true",,"true",,"true",,"true",,"true",,"true",,"true",,"true",,"true",,"true",,"true",,"true",,"true",,"true",,"true",,"true",,"true",,"true",,"true",,"true",,"true",,"true",,"true",,"true",,"true",,"true",,"true",,"true",,"true",,"true",,"true",,"true",,"true",,"true",,"true",,"true",,"true",,"true",,"true",,"true",,"true",,"true",,"true",,"true",,"true",,"true",,"true",,"true",,"true",,"true",,"true",,"true",,"true",,"true",,"true",,"true",,"true",,"true",,"true",,"true",,"true",,"true",,"true",,"true",,"true",,"true",,"true",,"true",,"true",,"true",,"true",,"true",,"true",,"true",,"true",,"true",,"true",,"true",,"true",,"true",,"true",,"true",,"true",,"true",,"true",,"true",,"true",,"true",,"true",,"true",,"true",,"true",,"true",,"true",,"true",,"true",,"true",,"true",,"true",,"true",,"true",,"true",,"true",,"true",,"true",,"true",,"true",,"true",,"true",,"true",,"true",,"true",,"true",,"true",,"true",,"true",,"true",,"true",,"true",,"true",,"true",,"true",,"true",,"true",,"true",,"true",,"true",,"true",,"true",,"true",,"true",,"true",,"true",,"true",,"true",,"true",,"true",,"true",,"true",,"true",,"true",,"true",,"true",,"true",,"true",,"true",,"true",,"true",,"true",,"true",,"true",,"true",,"true",,"true",,"true",,"true",,"true",,"true",,"true",,"true",,"true",,"true",,"true",,"true",,"true",,"true",,"true",,"true",,"true",,"true",,"true",,"true",,"true",,"true",,"true",,"true",,"true",,"true",,"true",,"true",,"true",,"true",,"true",,"true",,"true",,"true",,"true",,"true",,"true",,"true",,"true",,"true",,"true",,"true",,"true",,"true",,"true",,"true",,"true",,"true",,"true",,"true",,"true",,"true",,"true",,"true",,"true",,"true",,"true",,"true",,"true",,"true",,"true",,"true",,"true",,"true",,"true",,"true",,"true",,"true",,"true",,"true",,"true",,"true",,"true",,"true",,"true",,"true",,"true",,"true",,"true",,"true",,"true",,"true",,"true",,"true",,"true",,"true",,"true",,"true",,"true",,"true",,"true",,"true",,"true",,"true",,"true",,"true",,"true",,"true",,"true",,"true",,"true",,"true",,"true",,"true",,"true",,"true",,"true",,"true",,"true",,"true",,"true",,"true",,"true",,"true",,"true",,"true",,"true",,"true",,"true",,"true",,"true",,"true",,"true",,"true",,"true",,"true",,"true",,"true",,"true",,"true",,"true",,"true",,"true",,"true",,"true",,"true",,"true",,"true",,"true",,"true",,"true",,"true",,"true",,"true",,"true",,"true",,"true",,"true",,"true",,"true",,"true",,"true",,"true",,"true",,"true",,"true",,"true",,"true",,"true",,"true",,"true",,"true",,"true",,"true",,"true",,"true",,"true",,"true",,"true",,"true",,"true",,"true",,"true",,"true",,"true",,"true",,"true",,"true",,"true",,"true",,"true",,"true",,"true",,"true",,"true",,"true",,"true",,"true",,"true",,"true",,"true",,"true",,"true",,"true",,"true",,"true",,"true",,"true",,"true",,"true",,"true",,"true",,"true",,"true",,"true",,"true",,"true",,"true",,"true",,"true",,"true",,"true",,"true",,"true",,"true",,"true",,"true",,"true",,"true",,"true",,"true",,"true",,"true",,"true",,"true",,"true",,"true",,"true",,"true",,"true",,"true",,"true",,"true",,"true",,"true",,"true",,"true",,"true",,"true",,"true",,"true",,"true",,"true",,"true",,"true",,"true",,"true",,"true",,"true",,"true",,"true",,"true",,"true",,"true",,"true",,"true",,"true",,"true",,"true",,"true",,"true",,"true",,"true",,"true",,"true",,"true",,"true",,"true",,"true",,"true",,"true",,"true",,"true",,"true",,"true",,"true",,"true",,"true",,"true",,"true",,"true",,"true",,"true",,"true",,"true",,"true",,"true",,"true",,"true",,"true",,"true",,"true",,"true",,"true",,"true",,"true",,"true",,"true",,"true",,"true",,"true",,"true",,"true",,"true",,"true",,"true",,"true",,"true",,"true",,"true",,"true",,"true",,"true",,"true",,"true",,"true",,"true",,"true",,"true",,"true",,"true",,"true",,"true",,"true",,"true",,"true",,"true",,"true",,"true",,"true",,"true",,"true",,"true",,"true",,"true",,"true",,"true",,"true",,"true",,"true",,"true",,"true",,"true",,"true",,"true",,"true",,"true",,"true",,"true",,"true",,"true",,"true",,"true",,"true",,"true",,"true",,"true",,"true",,"true",,"true",,"true",,"true",,"true",,"true",,"true",,"true",,"true",,"true",,"true",,"true",,"true",,"true",,"true",,"true",,"true",,"true",,"true",,"true",,"true",,"true",,"true",,"true",,"true",,"true",,"true",,"true",,"true",,"true",,"true",,"true",,"true",,"true",,"true",,"true",,"true",,"true",,"true",,"true",,"true",,"true",,"true",,"true",,"true",,"true",,"true",,"true",,"true",,"true",,"true",,"true",,"true",,"true",,"true",,"true",,"true",,"true",,"true",,"true",,"true",,"true",,"true",,"true",,"true",,"true",,"true",,"true",,"true",,"true",,"true",,"true",,"true",,"true",,"true",,"true",,"true",,"true",,"true",,"true",,"true",,"true",,"true",,"true",,"true",,"true",,"true",,"true",,"true",,"true",,"true",,"true",,"true",,"true",,"true",,"true",,"true",,"true",,"true",,"true",,"true",,"true",,"true",,"true",,"true",,"true",,"true",,"true",,"true",,"true",,"true",,"true",,"true",,"true",,"true",,"true",,"true",,"true",,"true",,"true",,"true",,"true",,"true",,"true",,"true",,"true",,"true",,"true",,"true",,"true",,"true",,"true",,"true",,"true",,"true",,"true",,"true",,"true",,"true",,"true",,"true",,"true",,"true",,"true",,"true",,"true",,"true",,"true",,"true",,"true",,"true",,"true",,"true",,"true",,"true",,"true",,"true",,"true",,"true",,"true",,"true",,"true",,"true",,"true",,"true",,"true",,"true",,"true",,"true",,"true",,"true",,"true",,"true",,"true",,"true",,"true",,"true",,"true",,"true",,"true",,"true",,"true",,"true",,"true",,"true",,"true",,"true",,"true",,"true",,"true",,"true",,"true",,"true",,"true",,"true",,"true",,"true",,"true",,"true",,"true",,"true",,"true",,"true",,"true",,"true",,"true",,"true",,"true",,"true",,"true",,"true",,"true",,"true",,"true",,"true",,"true",,"true",,"true",,"true",,"true",,"true",,"true",,"true",,"true",,"true",,"true",,"true",,"true",,"true",,"true",,"true",,"true",,"true",,"true",,"true",,"true",,"true",,"true",,"true",,"true",,"true",,"true",,"true",,"true",,"true",,"true",,"true",,"true",,"true",,"true",,"true",,"true",,"true",,"true",,"true",,"true",,"true",,"true",,"true",,"true",,"true",,"true",
"q","0",,"0",,"0",,"0",,"0",,"0",,"0",,"0",,"0",,"0",,"0.01",,"0.01",,"0.01",,"0.01",,"0.01",,"0.01",,"0.01",,"0.01",,"0.01",,"0.01",,"0.02",,"0.02",,"0.02",,"0.02",,"0.02",,"0.02",,"0.02",,"0.02",,"0.02",,"0.02",,"0.03",,"0.03",,"0.03",,"0.03",,"0.03",,"0.03",,"0.03",,"0.03",,"0.03",,"0.03",,"0.04",,"0.04",,"0.04",,"0.04",,"0.04",,"0.04",,"0.04",,"0.04",,"0.04",,"0.04",,"0.05",,"0.05",,"0.05",,"0.05",,"0.05",,"0.05",,"0.05",,"0.05",,"0.05",,"0.05",,"0.06",,"0.06",,"0.06",,"0.06",,"0.06",,"0.06",,"0.06",,"0.06",,"0.06",,"0.06",,"0.07",,"0.07",,"0.07",,"0.07",,"0.07",,"0.07",,"0.07",,"0.07",,"0.07",,"0.07",,"0.08",,"0.08",,"0.08",,"0.08",,"0.08",,"0.08",,"0.08",,"0.08",,"0.08",,"0.08",,"0.09",,"0.09",,"0.09",,"0.09",,"0.09",,"0.09",,"0.09",,"0.09",,"0.09",,"0.09",,"0.1",,"0.1",,"0.1",,"0.1",,"0.1",,"0.1",,"0.1",,"0.1",,"0.1",,"0.1",,"0.11",,"0.11",,"0.11",,"0.11",,"0.11",,"0.11",,"0.11",,"0.11",,"0.11",,"0.11",,"0.12",,"0.12",,"0.12",,"0.12",,"0.12",,"0.12",,"0.12",,"0.12",,"0.12",,"0.12",,"0.13",,"0.13",,"0.13",,"0.13",,"0.13",,"0.13",,"0.13",,"0.13",,"0.13",,"0.13",,"0.14",,"0.14",,"0.14",,"0.14",,"0.14",,"0.14",,"0.14",,"0.14",,"0.14",,"0.14",,"0.15",,"0.15",,"0.15",,"0.15",,"0.15",,"0.15",,"0.15",,"0.15",,"0.15",,"0.15",,"0.16",,"0.16",,"0.16",,"0.16",,"0.16",,"0.16",,"0.16",,"0.16",,"0.16",,"0.16",,"0.17",,"0.17",,"0.17",,"0.17",,"0.17",,"0.17",,"0.17",,"0.17",,"0.17",,"0.17",,"0.18",,"0.18",,"0.18",,"0.18",,"0.18",,"0.18",,"0.18",,"0.18",,"0.18",,"0.18",,"0.19",,"0.19",,"0.19",,"0.19",,"0.19",,"0.19",,"0.19",,"0.19",,"0.19",,"0.19",,"0.2",,"0.2",,"0.2",,"0.2",,"0.2",,"0.2",,"0.2",,"0.2",,"0.2",,"0.2",,"0.21",,"0.21",,"0.21",,"0.21",,"0.21",,"0.21",,"0.21",,"0.21",,"0.21",,"0.21",,"0.22",,"0.22",,"0.22",,"0.22",,"0.22",,"0.22",,"0.22",,"0.22",,"0.22",,"0.22",,"0.23",,"0.23",,"0.23",,"0.23",,"0.23",,"0.23",,"0.23",,"0.23",,"0.23",,"0.23",,"0.24",,"0.24",,"0.24",,"0.24",,"0.24",,"0.24",,"0.24",,"0.24",,"0.24",,"0.24",,"0.25",,"0.25",,"0.25",,"0.25",,"0.25",,"0.25",,"0.25",,"0.25",,"0.25",,"0.25",,"0.26",,"0.26",,"0.26",,"0.26",,"0.26",,"0.26",,"0.26",,"0.26",,"0.26",,"0.26",,"0.27",,"0.27",,"0.27",,"0.27",,"0.27",,"0.27",,"0.27",,"0.27",,"0.27",,"0.27",,"0.28",,"0.28",,"0.28",,"0.28",,"0.28",,"0.28",,"0.28",,"0.28",,"0.28",,"0.28",,"0.29",,"0.29",,"0.29",,"0.29",,"0.29",,"0.29",,"0.29",,"0.29",,"0.29",,"0.29",,"0.3",,"0.3",,"0.3",,"0.3",,"0.3",,"0.3",,"0.3",,"0.3",,"0.3",,"0.3",,"0.31",,"0.31",,"0.31",,"0.31",,"0.31",,"0.31",,"0.31",,"0.31",,"0.31",,"0.31",,"0.32",,"0.32",,"0.32",,"0.32",,"0.32",,"0.32",,"0.32",,"0.32",,"0.32",,"0.32",,"0.33",,"0.33",,"0.33",,"0.33",,"0.33",,"0.33",,"0.33",,"0.33",,"0.33",,"0.33",,"0.34",,"0.34",,"0.34",,"0.34",,"0.34",,"0.34",,"0.34",,"0.34",,"0.34",,"0.34",,"0.35",,"0.35",,"0.35",,"0.35",,"0.35",,"0.35",,"0.35",,"0.35",,"0.35",,"0.35",,"0.36",,"0.36",,"0.36",,"0.36",,"0.36",,"0.36",,"0.36",,"0.36",,"0.36",,"0.36",,"0.37",,"0.37",,"0.37",,"0.37",,"0.37",,"0.37",,"0.37",,"0.37",,"0.37",,"0.37",,"0.38",,"0.38",,"0.38",,"0.38",,"0.38",,"0.38",,"0.38",,"0.38",,"0.38",,"0.38",,"0.39",,"0.39",,"0.39",,"0.39",,"0.39",,"0.39",,"0.39",,"0.39",,"0.39",,"0.39",,"0.4",,"0.4",,"0.4",,"0.4",,"0.4",,"0.4",,"0.4",,"0.4",,"0.4",,"0.4",,"0.41",,"0.41",,"0.41",,"0.41",,"0.41",,"0.41",,"0.41",,"0.41",,"0.41",,"0.41",,"0.42",,"0.42",,"0.42",,"0.42",,"0.42",,"0.42",,"0.42",,"0.42",,"0.42",,"0.42",,"0.43",,"0.43",,"0.43",,"0.43",,"0.43",,"0.43",,"0.43",,"0.43",,"0.43",,"0.43",,"0.44",,"0.44",,"0.44",,"0.44",,"0.44",,"0.44",,"0.44",,"0.44",,"0.44",,"0.44",,"0.45",,"0.45",,"0.45",,"0.45",,"0.45",,"0.45",,"0.45",,"0.45",,"0.45",,"0.45",,"0.46",,"0.46",,"0.46",,"0.46",,"0.46",,"0.46",,"0.46",,"0.46",,"0.46",,"0.46",,"0.47",,"0.47",,"0.47",,"0.47",,"0.47",,"0.47",,"0.47",,"0.47",,"0.47",,"0.47",,"0.48",,"0.48",,"0.48",,"0.48",,"0.48",,"0.48",,"0.48",,"0.48",,"0.48",,"0.48",,"0.49",,"0.49",,"0.49",,"0.49",,"0.49",,"0.49",,"0.49",,"0.49",,"0.49",,"0.49",,"0.5",,"0.5",,"0.5",,"0.5",,"0.5",,"0.5",,"0.5",,"0.5",,"0.5",,"0.5",,"0.51",,"0.51",,"0.51",,"0.51",,"0.51",,"0.51",,"0.51",,"0.51",,"0.51",,"0.51",,"0.52",,"0.52",,"0.52",,"0.52",,"0.52",,"0.52",,"0.52",,"0.52",,"0.52",,"0.52",,"0.53",,"0.53",,"0.53",,"0.53",,"0.53",,"0.53",,"0.53",,"0.53",,"0.53",,"0.53",,"0.54",,"0.54",,"0.54",,"0.54",,"0.54",,"0.54",,"0.54",,"0.54",,"0.54",,"0.54",,"0.55",,"0.55",,"0.55",,"0.55",,"0.55",,"0.55",,"0.55",,"0.55",,"0.55",,"0.55",,"0.56",,"0.56",,"0.56",,"0.56",,"0.56",,"0.56",,"0.56",,"0.56",,"0.56",,"0.56",,"0.57",,"0.57",,"0.57",,"0.57",,"0.57",,"0.57",,"0.57",,"0.57",,"0.57",,"0.57",,"0.58",,"0.58",,"0.58",,"0.58",,"0.58",,"0.58",,"0.58",,"0.58",,"0.58",,"0.58",,"0.59",,"0.59",,"0.59",,"0.59",,"0.59",,"0.59",,"0.59",,"0.59",,"0.59",,"0.59",,"0.6",,"0.6",,"0.6",,"0.6",,"0.6",,"0.6",,"0.6",,"0.6",,"0.6",,"0.6",,"0.61",,"0.61",,"0.61",,"0.61",,"0.61",,"0.61",,"0.61",,"0.61",,"0.61",,"0.61",,"0.62",,"0.62",,"0.62",,"0.62",,"0.62",,"0.62",,"0.62",,"0.62",,"0.62",,"0.62",,"0.63",,"0.63",,"0.63",,"0.63",,"0.63",,"0.63",,"0.63",,"0.63",,"0.63",,"0.63",,"0.64",,"0.64",,"0.64",,"0.64",,"0.64",,"0.64",,"0.64",,"0.64",,"0.64",,"0.64",,"0.65",,"0.65",,"0.65",,"0.65",,"0.65",,"0.65",,"0.65",,"0.65",,"0.65",,"0.65",,"0.66",,"0.66",,"0.66",,"0.66",,"0.66",,"0.66",,"0.66",,"0.66",,"0.66",,"0.66",,"0.67",,"0.67",,"0.67",,"0.67",,"0.67",,"0.67",,"0.67",,"0.67",,"0.67",,"0.67",,"0.68",,"0.68",,"0.68",,"0.68",,"0.68",,"0.68",,"0.68",,"0.68",,"0.68",,"0.68",,"0.69",,"0.69",,"0.69",,"0.69",,"0.69",,"0.69",,"0.69",,"0.69",,"0.69",,"0.69",,"0.7",,"0.7",,"0.7",,"0.7",,"0.7",,"0.7",,"0.7",,"0.7",,"0.7",,"0.7",,"0.71",,"0.71",,"0.71",,"0.71",,"0.71",,"0.71",,"0.71",,"0.71",,"0.71",,"0.71",,"0.72",,"0.72",,"0.72",,"0.72",,"0.72",,"0.72",,"0.72",,"0.72",,"0.72",,"0.72",,"0.73",,"0.73",,"0.73",,"0.73",,"0.73",,"0.73",,"0.73",,"0.73",,"0.73",,"0.73",,"0.74",,"0.74",,"0.74",,"0.74",,"0.74",,"0.74",,"0.74",,"0.74",,"0.74",,"0.74",,"0.75",,"0.75",,"0.75",,"0.75",,"0.75",,"0.75",,"0.75",,"0.75",,"0.75",,"0.75",,"0.76",,"0.76",,"0.76",,"0.76",,"0.76",,"0.76",,"0.76",,"0.76",,"0.76",,"0.76",,"0.77",,"0.77",,"0.77",,"0.77",,"0.77",,"0.77",,"0.77",,"0.77",,"0.77",,"0.77",,"0.78",,"0.78",,"0.78",,"0.78",,"0.78",,"0.78",,"0.78",,"0.78",,"0.78",,"0.78",,"0.79",,"0.79",,"0.79",,"0.79",,"0.79",,"0.79",,"0.79",,"0.79",,"0.79",,"0.79",,"0.8",,"0.8",,"0.8",,"0.8",,"0.8",,"0.8",,"0.8",,"0.8",,"0.8",,"0.8",,"0.81",,"0.81",,"0.81",,"0.81",,"0.81",,"0.81",,"0.81",,"0.81",,"0.81",,"0.81",,"0.82",,"0.82",,"0.82",,"0.82",,"0.82",,"0.82",,"0.82",,"0.82",,"0.82",,"0.82",,"0.83",,"0.83",,"0.83",,"0.83",,"0.83",,"0.83",,"0.83",,"0.83",,"0.83",,"0.83",,"0.84",,"0.84",,"0.84",,"0.84",,"0.84",,"0.84",,"0.84",,"0.84",,"0.84",,"0.84",,"0.85",,"0.85",,"0.85",,"0.85",,"0.85",,"0.85",,"0.85",,"0.85",,"0.85",,"0.85",,"0.86",,"0.86",,"0.86",,"0.86",,"0.86",,"0.86",,"0.86",,"0.86",,"0.86",,"0.86",,"0.87",,"0.87",,"0.87",,"0.87",,"0.87",,"0.87",,"0.87",,"0.87",,"0.87",,"0.87",,"0.88",,"0.88",,"0.88",,"0.88",,"0.88",,"0.88",,"0.88",,"0.88",,"0.88",,"0.88",,"0.89",,"0.89",,"0.89",,"0.89",,"0.89",,"0.89",,"0.89",,"0.89",,"0.89",,"0.89",,"0.9",,"0.9",,"0.9",,"0.9",,"0.9",,"0.9",,"0.9",,"0.9",,"0.9",,"0.9",,"0.91",,"0.91",,"0.91",,"0.91",,"0.91",,"0.91",,"0.91",,"0.91",,"0.91",,"0.91",,"0.92",,"0.92",,"0.92",,"0.92",,"0.92",,"0.92",,"0.92",,"0.92",,"0.92",,"0.92",,"0.93",,"0.93",,"0.93",,"0.93",,"0.93",,"0.93",,"0.93",,"0.93",,"0.93",,"0.93",,"0.94",,"0.94",,"0.94",,"0.94",,"0.94",,"0.94",,"0.94",,"0.94",,"0.94",,"0.94",,"0.95",,"0.95",,"0.95",,"0.95",,"0.95",,"0.95",,"0.95",,"0.95",,"0.95",,"0.95",,"0.96",,"0.96",,"0.96",,"0.96",,"0.96",,"0.96",,"0.96",,"0.96",,"0.96",,"0.96",,"0.97",,"0.97",,"0.97",,"0.97",,"0.97",,"0.97",,"0.97",,"0.97",,"0.97",,"0.97",,"0.98",,"0.98",,"0.98",,"0.98",,"0.98",,"0.98",,"0.98",,"0.98",,"0.98",,"0.98",,"0.99",,"0.99",,"0.99",,"0.99",,"0.99",,"0.99",,"0.99",,"0.99",,"0.99",,"0.99",,"1",,"1",,"1",,"1",,"1",,"1",,"1",,"1",,"1",,"1",
"[total steps]","999","999","999","999","999","999","999","999","999","999","999","999","999","999","999","999","999","999","999","999","999","999","999","999","999","999","999","999","999","999","999","999","999","999","999","999","999","999","999","999","999","999","999","999","999","999","999","999","999","999","999","999","999","999","999","999","999","999","999","999","999","999","999","999","999","999","999","999","999","999","999","999","999","999","999","999","999","999","999","999","999","999","999","999","999","999","999","999","999","999","999","999","999","999","999","999","999","999","999","999","999","999","999","999","999","999","999","999","999","999","999","999","999","999","999","999","999","999","999","999","999","999","999","999","999","999","999","999","999","999","999","999","999","999","999","999","999","999","999","999","999","999","999","999","999","999","999","999","999","999","999","999","999","999","999","999","999","999","999","999","999","999","999","999","999","999","999","999","999","999","999","999","999","999","999","999","999","999","999","999","999","999","999","999","999","999","999","999","999","999","999","999","999","999","999","999","999","999","999","999","999","999","999","999","999","999","999","999","999","999","999","999","999","999","999","999","999","999","999","999","999","999","999","999","999","999","999","999","999","999","999","999","999","999","999","999","999","999","999","999","999","999","999","999","999","999","999","999","999","999","999","999","999","999","999","999","999","999","999","999","999","999","999","999","999","999","999","999","999","999","999","999","999","999","999","999","999","999","999","999","999","999","999","999","999","999","999","999","999","999","999","999","999","999","999","999","999","999","999","999","999","999","999","999","999","999","999","999","999","999","999","999","999","999","999","999","999","999","999","999","999","999","999","999","999","999","999","999","999","999","999","999","999","999","999","999","999","999","999","999","999","999","999","999","999","999","999","999","999","999","999","999","999","999","999","999","999","999","999","999","999","999","999","999","999","999","999","999","999","999","999","999","999","999","999","999","999","999","999","999","999","999","999","999","999","999","999","999","999","999","999","999","999","999","999","999","999","999","999","999","999","999","999","999","999","999","999","999","999","999","999","999","999","999","999","999","999","999","999","999","999","999","999","999","999","999","999","999","999","999","999","999","999","999","999","999","999","999","999","999","999","999","999","999","999","999","999","999","999","999","999","999","999","999","999","999","999","999","999","999","999","999","999","999","999","999","999","999","999","999","999","999","999","999","999","999","999","999","999","999","999","999","999","999","999","999","999","999","999","999","999","999","999","999","999","999","999","999","999","999","999","999","999","999","999","999","999","999","999","999","999","999","999","999","999","999","999","999","999","999","999","999","999","999","999","999","999","999","999","999","999","999","999","999","999","999","999","999","999","999","999","999","999","999","999","999","999","999","999","999","999","999","999","999","999","999","999","999","999","999","999","999","999","999","999","999","999","999","999","999","999","999","999","999","999","999","999","999","999","999","999","999","999","999","999","999","999","999","999","999","999","999","999","999","999","999","999","999","999","999","999","999","999","999","999","999","999","999","999","999","999","999","999","999","999","999","999","999","999","999","999","999","999","999","999","999","999","999","999","999","999","999","999","999","999","999","999","999","999","999","999","999","999","999","999","999","999","999","999","999","999","999","999","999","999","999","999","999","999","999","999","999","999","999","999","999","999","999","999","999","999","999","999","999","999","999","999","999","999","999","999","999","999","999","999","999","999","999","999","999","999","999","999","999","999","999","999","999","999","999","999","999","999","999","999","999","999","999","999","999","999","999","999","999","999","999","999","999","999","999","999","999","999","999","999","999","999","999","999","999","999","999","999","999","999","999","999","999","999","999","999","999","999","999","999","999","999","999","999","999","999","999","999","999","999","999","999","999","999","999","999","999","999","999","999","999","999","999","999","999","999","999","999","999","999","999","999","999","999","999","999","999","999","999","999","999","999","999","999","999","999","999","999","999","999","999","999","999","999","999","999","999","999","999","999","999","999","999","999","999","999","999","999","999","999","999","999","999","999","999","999","999","999","999","999","999","999","999","999","999","999","999","999","999","999","999","999","999","999","999","999","999","999","999","999","999","999","999","999","999","999","999","999","999","999","999","999","999","999","999","999","999","999","999","999","999","999","999","999","999","999","999","999","999","999","999","999","999","999","999","999","999","999","999","999","999","999","999","999","999","999","999","999","999","999","999","999","999","999","999","999","999","999","999","999","999","999","999","999","999","999","999","999","999","999","999","999","999","999","999","999","999","999","999","999","999","999","999","999","999","999","999","999","999","999","999","999","999","999","999","999","999","999","999","999","999","999","999","999","999","999","999","999","999","999","999","999","999","999","999","999","999","999","999","999","999","999","999","999","999","999","999","999","999","999","999","999","999","999","999","999","999","999","999","999","999","999","999","999","999","999","999","999","999","999","999","999","999","999","999","999","999","999","999","999","999","999","999","999","999","999","999","999","999","999","999","999","999","999","999","999","999","999","999","999","999","999","999","999","999","999","999","999","999","999","999","999","999","999","999","999","999","999","999","999","999","999","999","999","999","999","999","999","999","999","999","999","999","999","999","999","999","999","999","999","999","999","999","999","999","999","999","999","999","999","999","999","999","999","999","999","999","999","999","999","999","999","999","999","999","999","999","999","999","999","999","999","999","999","999","999","999","999","999","999","999","999","999","999","999","999","999","999","999","999","999","999","999","999","999","999","999","999","999","999","999","999","999","999","999","999","999","999","999","999","999","999","999","999","999","999","999","999","999","999","999","999","999","999","999","999","999","999","999","999","999","999","999","999","999","999","999","999","999","999","999","999","999","999","999","999","999","999","999","999","999","999","999","999","999","999","999","999","999","999","999","999","999","999","999","999","999","999","999","999","999","999","999","999","999","999","999","999","999","999","999","999","999","999","999","999","999","999","999","999","999","999","999","999","999","999","999","999","999","999","999","999","999","999","999","999","999","999","999","999","999","999","999","999","999","999","999","999","999","999","999","999","999","999","999","999","999","999","999","999","999","999","999","999","999","999","999","999","999","999","999","999","999","999","999","999","999","999","999","999","999","999","999","999","999","999","999","999","999","999","999","999","999","999","999","999","999","999","999","999","999","999","999","999","999","999","999","999","999","999","999","999","999","999","999","999","999","999","999","999","999","999","999","999","999","999","999","999","999","999","999","999","999","999","999","999","999","999","999","999","999","999","999","999","999","999","999","999","999","999","999","999","999","999","999","999","999","999","999","999","999","999","999","999","999","999","999","999","999","999","999","999","999","999","999","999","999","999","999","999","999","999","999","999","999","999","999","999","999","999","999","999","999","999","999","999","999","999","999","999","999","999","999","999","999","999","999","999","999","999","999","999","999","999","999","999","999","999","999","999","999","999","999","999","999","999","999","999","999","999","999","999","999","999","999","999","999","999","999","999","999","999","999","999","999","999","999","999","999","999","999","999","999","999","999","999","999","999","999","999","999","999","999","999","999","999","999","999","999","999","999","999","999","999","999","999","999","999","999","999","999","999","999","999","999","999","999","999","999","999","999","999","999","999","999","999","999","999","999","999","999","999","999","999","999","999","999","999","999","999","999","999","999","999","999","999","999","999","999","999","999","999","999","999","999","999","999","999","999","999","999","999","999","999","999","999","999","999","999","999","999","999","999","999","999","999","999","999","999","999","999","999","999","999","999","999","999","999","999","999","999","999","999","999","999","999","999","999","999","999","999","999","999","999","999","999","999","999","999","999","999","999","999","999","999","999","999","999","999","999","999","999","999","999","999","999","999","999","999","999","999","999","999","999","999","999","999","999","999","999","999","999","999","999","999","999","999","999","999","999","999","999","999","999","999","999","999","999","999","999","999","999","999","999","999","999","999","999","999","999","999","999","999","999","999","999","999","999","999","999","999","999","999","999","999","999","999","999","999","999","999","999","999","999","999","999","999","999","999","999","999","999","999","999","999","999","999","999","999","999","999","999","999","999","999","999","999","999","999","999","999","999","999","999","999","999","999","999","999","999","999","999","999","999","999","999","999","999","999","999","999","999","999","999","999","999","999","999","999","999","999","999","999","999","999","999","999","999","999","999","999","999","999","999","999","999","999","999","999","999","999","999","999","999","999","999","999","999","999","999","999","999","999","999","999","999","999","999","999","999","999","999","999","999","999","999","999","999","999","999","999","999","999","999","999","999","999","999","999","999","999","999","999","999","999","999","999","999","999","999","999","999","999","999","999","999","999","999","999","999","999","999","999","999","999","999","999","999","999","999","999","999","999","999","999","999","999","999","999","999","999","999","999","999","999","999","999","999","999","999","999","999","999","999","999","999","999","999","999","999","999","999","999","999","999","999","999","999","999","999","999","999","999","999","999","999","999","999","999","999","999","999","999","999","999","999","999","999","999","999","999","999","999","999","999","999","999","999","999","999","999","999","999","999","999","999","999","999","999","999","999","999","999","999","999","999","999","999","999","999","999","999","999","999","999","999","999","999","999","999","999","999","999","999","999","999","999","999","999","999","999","999","999","999","999","999","999","999","999","999","999","999","999","999","999","999","999","999","999","999","999","999","999","999","999","999","999","999","999","999","999","999","999","999","999","999","999","999","999","999","999","999","999","999","999","999","999","999","999","999","999","999","999","999","999","999","999","999","999","999","999","999","999","999","999","999","999","999","999","999","999","999","999","999","999","999","999","999","999","999","999","999","999","999","999","999","999","999","999","999","999","999","999","999","999","999","999","999","999","999","999","999","999","999","999"

"[final value]","[step]","mean-Neighbors","[step]","mean-Neighbors","[step]","mean-Neighbors","[step]","mean-Neighbors","[step]","mean-Neighbors","[step]","mean-Neighbors","[step]","mean-Neighbors","[step]","mean-Neighbors","[step]","mean-Neighbors","[step]","mean-Neighbors","[step]","mean-Neighbors","[step]","mean-Neighbors","[step]","mean-Neighbors","[step]","mean-Neighbors","[step]","mean-Neighbors","[step]","mean-Neighbors","[step]","mean-Neighbors","[step]","mean-Neighbors","[step]","mean-Neighbors","[step]","mean-Neighbors","[step]","mean-Neighbors","[step]","mean-Neighbors","[step]","mean-Neighbors","[step]","mean-Neighbors","[step]","mean-Neighbors","[step]","mean-Neighbors","[step]","mean-Neighbors","[step]","mean-Neighbors","[step]","mean-Neighbors","[step]","mean-Neighbors","[step]","mean-Neighbors","[step]","mean-Neighbors","[step]","mean-Neighbors","[step]","mean-Neighbors","[step]","mean-Neighbors","[step]","mean-Neighbors","[step]","mean-Neighbors","[step]","mean-Neighbors","[step]","mean-Neighbors","[step]","mean-Neighbors","[step]","mean-Neighbors","[step]","mean-Neighbors","[step]","mean-Neighbors","[step]","mean-Neighbors","[step]","mean-Neighbors","[step]","mean-Neighbors","[step]","mean-Neighbors","[step]","mean-Neighbors","[step]","mean-Neighbors","[step]","mean-Neighbors","[step]","mean-Neighbors","[step]","mean-Neighbors","[step]","mean-Neighbors","[step]","mean-Neighbors","[step]","mean-Neighbors","[step]","mean-Neighbors","[step]","mean-Neighbors","[step]","mean-Neighbors","[step]","mean-Neighbors","[step]","mean-Neighbors","[step]","mean-Neighbors","[step]","mean-Neighbors","[step]","mean-Neighbors","[step]","mean-Neighbors","[step]","mean-Neighbors","[step]","mean-Neighbors","[step]","mean-Neighbors","[step]","mean-Neighbors","[step]","mean-Neighbors","[step]","mean-Neighbors","[step]","mean-Neighbors","[step]","mean-Neighbors","[step]","mean-Neighbors","[step]","mean-Neighbors","[step]","mean-Neighbors","[step]","mean-Neighbors","[step]","mean-Neighbors","[step]","mean-Neighbors","[step]","mean-Neighbors","[step]","mean-Neighbors","[step]","mean-Neighbors","[step]","mean-Neighbors","[step]","mean-Neighbors","[step]","mean-Neighbors","[step]","mean-Neighbors","[step]","mean-Neighbors","[step]","mean-Neighbors","[step]","mean-Neighbors","[step]","mean-Neighbors","[step]","mean-Neighbors","[step]","mean-Neighbors","[step]","mean-Neighbors","[step]","mean-Neighbors","[step]","mean-Neighbors","[step]","mean-Neighbors","[step]","mean-Neighbors","[step]","mean-Neighbors","[step]","mean-Neighbors","[step]","mean-Neighbors","[step]","mean-Neighbors","[step]","mean-Neighbors","[step]","mean-Neighbors","[step]","mean-Neighbors","[step]","mean-Neighbors","[step]","mean-Neighbors","[step]","mean-Neighbors","[step]","mean-Neighbors","[step]","mean-Neighbors","[step]","mean-Neighbors","[step]","mean-Neighbors","[step]","mean-Neighbors","[step]","mean-Neighbors","[step]","mean-Neighbors","[step]","mean-Neighbors","[step]","mean-Neighbors","[step]","mean-Neighbors","[step]","mean-Neighbors","[step]","mean-Neighbors","[step]","mean-Neighbors","[step]","mean-Neighbors","[step]","mean-Neighbors","[step]","mean-Neighbors","[step]","mean-Neighbors","[step]","mean-Neighbors","[step]","mean-Neighbors","[step]","mean-Neighbors","[step]","mean-Neighbors","[step]","mean-Neighbors","[step]","mean-Neighbors","[step]","mean-Neighbors","[step]","mean-Neighbors","[step]","mean-Neighbors","[step]","mean-Neighbors","[step]","mean-Neighbors","[step]","mean-Neighbors","[step]","mean-Neighbors","[step]","mean-Neighbors","[step]","mean-Neighbors","[step]","mean-Neighbors","[step]","mean-Neighbors","[step]","mean-Neighbors","[step]","mean-Neighbors","[step]","mean-Neighbors","[step]","mean-Neighbors","[step]","mean-Neighbors","[step]","mean-Neighbors","[step]","mean-Neighbors","[step]","mean-Neighbors","[step]","mean-Neighbors","[step]","mean-Neighbors","[step]","mean-Neighbors","[step]","mean-Neighbors","[step]","mean-Neighbors","[step]","mean-Neighbors","[step]","mean-Neighbors","[step]","mean-Neighbors","[step]","mean-Neighbors","[step]","mean-Neighbors","[step]","mean-Neighbors","[step]","mean-Neighbors","[step]","mean-Neighbors","[step]","mean-Neighbors","[step]","mean-Neighbors","[step]","mean-Neighbors","[step]","mean-Neighbors","[step]","mean-Neighbors","[step]","mean-Neighbors","[step]","mean-Neighbors","[step]","mean-Neighbors","[step]","mean-Neighbors","[step]","mean-Neighbors","[step]","mean-Neighbors","[step]","mean-Neighbors","[step]","mean-Neighbors","[step]","mean-Neighbors","[step]","mean-Neighbors","[step]","mean-Neighbors","[step]","mean-Neighbors","[step]","mean-Neighbors","[step]","mean-Neighbors","[step]","mean-Neighbors","[step]","mean-Neighbors","[step]","mean-Neighbors","[step]","mean-Neighbors","[step]","mean-Neighbors","[step]","mean-Neighbors","[step]","mean-Neighbors","[step]","mean-Neighbors","[step]","mean-Neighbors","[step]","mean-Neighbors","[step]","mean-Neighbors","[step]","mean-Neighbors","[step]","mean-Neighbors","[step]","mean-Neighbors","[step]","mean-Neighbors","[step]","mean-Neighbors","[step]","mean-Neighbors","[step]","mean-Neighbors","[step]","mean-Neighbors","[step]","mean-Neighbors","[step]","mean-Neighbors","[step]","mean-Neighbors","[step]","mean-Neighbors","[step]","mean-Neighbors","[step]","mean-Neighbors","[step]","mean-Neighbors","[step]","mean-Neighbors","[step]","mean-Neighbors","[step]","mean-Neighbors","[step]","mean-Neighbors","[step]","mean-Neighbors","[step]","mean-Neighbors","[step]","mean-Neighbors","[step]","mean-Neighbors","[step]","mean-Neighbors","[step]","mean-Neighbors","[step]","mean-Neighbors","[step]","mean-Neighbors","[step]","mean-Neighbors","[step]","mean-Neighbors","[step]","mean-Neighbors","[step]","mean-Neighbors","[step]","mean-Neighbors","[step]","mean-Neighbors","[step]","mean-Neighbors","[step]","mean-Neighbors","[step]","mean-Neighbors","[step]","mean-Neighbors","[step]","mean-Neighbors","[step]","mean-Neighbors","[step]","mean-Neighbors","[step]","mean-Neighbors","[step]","mean-Neighbors","[step]","mean-Neighbors","[step]","mean-Neighbors","[step]","mean-Neighbors","[step]","mean-Neighbors","[step]","mean-Neighbors","[step]","mean-Neighbors","[step]","mean-Neighbors","[step]","mean-Neighbors","[step]","mean-Neighbors","[step]","mean-Neighbors","[step]","mean-Neighbors","[step]","mean-Neighbors","[step]","mean-Neighbors","[step]","mean-Neighbors","[step]","mean-Neighbors","[step]","mean-Neighbors","[step]","mean-Neighbors","[step]","mean-Neighbors","[step]","mean-Neighbors","[step]","mean-Neighbors","[step]","mean-Neighbors","[step]","mean-Neighbors","[step]","mean-Neighbors","[step]","mean-Neighbors","[step]","mean-Neighbors","[step]","mean-Neighbors","[step]","mean-Neighbors","[step]","mean-Neighbors","[step]","mean-Neighbors","[step]","mean-Neighbors","[step]","mean-Neighbors","[step]","mean-Neighbors","[step]","mean-Neighbors","[step]","mean-Neighbors","[step]","mean-Neighbors","[step]","mean-Neighbors","[step]","mean-Neighbors","[step]","mean-Neighbors","[step]","mean-Neighbors","[step]","mean-Neighbors","[step]","mean-Neighbors","[step]","mean-Neighbors","[step]","mean-Neighbors","[step]","mean-Neighbors","[step]","mean-Neighbors","[step]","mean-Neighbors","[step]","mean-Neighbors","[step]","mean-Neighbors","[step]","mean-Neighbors","[step]","mean-Neighbors","[step]","mean-Neighbors","[step]","mean-Neighbors","[step]","mean-Neighbors","[step]","mean-Neighbors","[step]","mean-Neighbors","[step]","mean-Neighbors","[step]","mean-Neighbors","[step]","mean-Neighbors","[step]","mean-Neighbors","[step]","mean-Neighbors","[step]","mean-Neighbors","[step]","mean-Neighbors","[step]","mean-Neighbors","[step]","mean-Neighbors","[step]","mean-Neighbors","[step]","mean-Neighbors","[step]","mean-Neighbors","[step]","mean-Neighbors","[step]","mean-Neighbors","[step]","mean-Neighbors","[step]","mean-Neighbors","[step]","mean-Neighbors","[step]","mean-Neighbors","[step]","mean-Neighbors","[step]","mean-Neighbors","[step]","mean-Neighbors","[step]","mean-Neighbors","[step]","mean-Neighbors","[step]","mean-Neighbors","[step]","mean-Neighbors","[step]","mean-Neighbors","[step]","mean-Neighbors","[step]","mean-Neighbors","[step]","mean-Neighbors","[step]","mean-Neighbors","[step]","mean-Neighbors","[step]","mean-Neighbors","[step]","mean-Neighbors","[step]","mean-Neighbors","[step]","mean-Neighbors","[step]","mean-Neighbors","[step]","mean-Neighbors","[step]","mean-Neighbors","[step]","mean-Neighbors","[step]","mean-Neighbors","[step]","mean-Neighbors","[step]","mean-Neighbors","[step]","mean-Neighbors","[step]","mean-Neighbors","[step]","mean-Neighbors","[step]","mean-Neighbors","[step]","mean-Neighbors","[step]","mean-Neighbors","[step]","mean-Neighbors","[step]","mean-Neighbors","[step]","mean-Neighbors","[step]","mean-Neighbors","[step]","mean-Neighbors","[step]","mean-Neighbors","[step]","mean-Neighbors","[step]","mean-Neighbors","[step]","mean-Neighbors","[step]","mean-Neighbors","[step]","mean-Neighbors","[step]","mean-Neighbors","[step]","mean-Neighbors","[step]","mean-Neighbors","[step]","mean-Neighbors","[step]","mean-Neighbors","[step]","mean-Neighbors","[step]","mean-Neighbors","[step]","mean-Neighbors","[step]","mean-Neighbors","[step]","mean-Neighbors","[step]","mean-Neighbors","[step]","mean-Neighbors","[step]","mean-Neighbors","[step]","mean-Neighbors","[step]","mean-Neighbors","[step]","mean-Neighbors","[step]","mean-Neighbors","[step]","mean-Neighbors","[step]","mean-Neighbors","[step]","mean-Neighbors","[step]","mean-Neighbors","[step]","mean-Neighbors","[step]","mean-Neighbors","[step]","mean-Neighbors","[step]","mean-Neighbors","[step]","mean-Neighbors","[step]","mean-Neighbors","[step]","mean-Neighbors","[step]","mean-Neighbors","[step]","mean-Neighbors","[step]","mean-Neighbors","[step]","mean-Neighbors","[step]","mean-Neighbors","[step]","mean-Neighbors","[step]","mean-Neighbors","[step]","mean-Neighbors","[step]","mean-Neighbors","[step]","mean-Neighbors","[step]","mean-Neighbors","[step]","mean-Neighbors","[step]","mean-Neighbors","[step]","mean-Neighbors","[step]","mean-Neighbors","[step]","mean-Neighbors","[step]","mean-Neighbors","[step]","mean-Neighbors","[step]","mean-Neighbors","[step]","mean-Neighbors","[step]","mean-Neighbors","[step]","mean-Neighbors","[step]","mean-Neighbors","[step]","mean-Neighbors","[step]","mean-Neighbors","[step]","mean-Neighbors","[step]","mean-Neighbors","[step]","mean-Neighbors","[step]","mean-Neighbors","[step]","mean-Neighbors","[step]","mean-Neighbors","[step]","mean-Neighbors","[step]","mean-Neighbors","[step]","mean-Neighbors","[step]","mean-Neighbors","[step]","mean-Neighbors","[step]","mean-Neighbors","[step]","mean-Neighbors","[step]","mean-Neighbors","[step]","mean-Neighbors","[step]","mean-Neighbors","[step]","mean-Neighbors","[step]","mean-Neighbors","[step]","mean-Neighbors","[step]","mean-Neighbors","[step]","mean-Neighbors","[step]","mean-Neighbors","[step]","mean-Neighbors","[step]","mean-Neighbors","[step]","mean-Neighbors","[step]","mean-Neighbors","[step]","mean-Neighbors","[step]","mean-Neighbors","[step]","mean-Neighbors","[step]","mean-Neighbors","[step]","mean-Neighbors","[step]","mean-Neighbors","[step]","mean-Neighbors","[step]","mean-Neighbors","[step]","mean-Neighbors","[step]","mean-Neighbors","[step]","mean-Neighbors","[step]","mean-Neighbors","[step]","mean-Neighbors","[step]","mean-Neighbors","[step]","mean-Neighbors","[step]","mean-Neighbors","[step]","mean-Neighbors","[step]","mean-Neighbors","[step]","mean-Neighbors","[step]","mean-Neighbors","[step]","mean-Neighbors","[step]","mean-Neighbors","[step]","mean-Neighbors","[step]","mean-Neighbors","[step]","mean-Neighbors","[step]","mean-Neighbors","[step]","mean-Neighbors","[step]","mean-Neighbors","[step]","mean-Neighbors","[step]","mean-Neighbors","[step]","mean-Neighbors","[step]","mean-Neighbors","[step]","mean-Neighbors","[step]","mean-Neighbors","[step]","mean-Neighbors","[step]","mean-Neighbors","[step]","mean-Neighbors","[step]","mean-Neighbors","[step]","mean-Neighbors","[step]","mean-Neighbors","[step]","mean-Neighbors","[step]","mean-Neighbors","[step]","mean-Neighbors","[step]","mean-Neighbors","[step]","mean-Neighbors","[step]","mean-Neighbors","[step]","mean-Neighbors","[step]","mean-Neighbors","[step]","mean-Neighbors","[step]","mean-Neighbors","[step]","mean-Neighbors","[step]","mean-Neighbors","[step]","mean-Neighbors","[step]","mean-Neighbors","[step]","mean-Neighbors","[step]","mean-Neighbors","[step]","mean-Neighbors","[step]","mean-Neighbors","[step]","mean-Neighbors","[step]","mean-Neighbors","[step]","mean-Neighbors","[step]","mean-Neighbors","[step]","mean-Neighbors","[step]","mean-Neighbors","[step]","mean-Neighbors","[step]","mean-Neighbors","[step]","mean-Neighbors","[step]","mean-Neighbors","[step]","mean-Neighbors","[step]","mean-Neighbors","[step]","mean-Neighbors","[step]","mean-Neighbors","[step]","mean-Neighbors","[step]","mean-Neighbors","[step]","mean-Neighbors","[step]","mean-Neighbors","[step]","mean-Neighbors","[step]","mean-Neighbors","[step]","mean-Neighbors","[step]","mean-Neighbors","[step]","mean-Neighbors","[step]","mean-Neighbors","[step]","mean-Neighbors","[step]","mean-Neighbors","[step]","mean-Neighbors","[step]","mean-Neighbors","[step]","mean-Neighbors","[step]","mean-Neighbors","[step]","mean-Neighbors","[step]","mean-Neighbors","[step]","mean-Neighbors","[step]","mean-Neighbors","[step]","mean-Neighbors","[step]","mean-Neighbors","[step]","mean-Neighbors","[step]","mean-Neighbors","[step]","mean-Neighbors","[step]","mean-Neighbors","[step]","mean-Neighbors","[step]","mean-Neighbors","[step]","mean-Neighbors","[step]","mean-Neighbors","[step]","mean-Neighbors","[step]","mean-Neighbors","[step]","mean-Neighbors","[step]","mean-Neighbors","[step]","mean-Neighbors","[step]","mean-Neighbors","[step]","mean-Neighbors","[step]","mean-Neighbors","[step]","mean-Neighbors","[step]","mean-Neighbors","[step]","mean-Neighbors","[step]","mean-Neighbors","[step]","mean-Neighbors","[step]","mean-Neighbors","[step]","mean-Neighbors","[step]","mean-Neighbors","[step]","mean-Neighbors","[step]","mean-Neighbors","[step]","mean-Neighbors","[step]","mean-Neighbors","[step]","mean-Neighbors","[step]","mean-Neighbors","[step]","mean-Neighbors","[step]","mean-Neighbors","[step]","mean-Neighbors","[step]","mean-Neighbors","[step]","mean-Neighbors","[step]","mean-Neighbors","[step]","mean-Neighbors","[step]","mean-Neighbors","[step]","mean-Neighbors","[step]","mean-Neighbors","[step]","mean-Neighbors","[step]","mean-Neighbors","[step]","mean-Neighbors","[step]","mean-Neighbors","[step]","mean-Neighbors","[step]","mean-Neighbors","[step]","mean-Neighbors","[step]","mean-Neighbors","[step]","mean-Neighbors","[step]","mean-Neighbors","[step]","mean-Neighbors","[step]","mean-Neighbors","[step]","mean-Neighbors","[step]","mean-Neighbors","[step]","mean-Neighbors","[step]","mean-Neighbors","[step]","mean-Neighbors","[step]","mean-Neighbors","[step]","mean-Neighbors","[step]","mean-Neighbors","[step]","mean-Neighbors","[step]","mean-Neighbors","[step]","mean-Neighbors","[step]","mean-Neighbors","[step]","mean-Neighbors","[step]","mean-Neighbors","[step]","mean-Neighbors","[step]","mean-Neighbors","[step]","mean-Neighbors","[step]","mean-Neighbors","[step]","mean-Neighbors","[step]","mean-Neighbors","[step]","mean-Neighbors","[step]","mean-Neighbors","[step]","mean-Neighbors","[step]","mean-Neighbors","[step]","mean-Neighbors","[step]","mean-Neighbors","[step]","mean-Neighbors","[step]","mean-Neighbors","[step]","mean-Neighbors","[step]","mean-Neighbors","[step]","mean-Neighbors","[step]","mean-Neighbors","[step]","mean-Neighbors","[step]","mean-Neighbors","[step]","mean-Neighbors","[step]","mean-Neighbors","[step]","mean-Neighbors","[step]","mean-Neighbors","[step]","mean-Neighbors","[step]","mean-Neighbors","[step]","mean-Neighbors","[step]","mean-Neighbors","[step]","mean-Neighbors","[step]","mean-Neighbors","[step]","mean-Neighbors","[step]","mean-Neighbors","[step]","mean-Neighbors","[step]","mean-Neighbors","[step]","mean-Neighbors","[step]","mean-Neighbors","[step]","mean-Neighbors","[step]","mean-Neighbors","[step]","mean-Neighbors","[step]","mean-Neighbors","[step]","mean-Neighbors","[step]","mean-Neighbors","[step]","mean-Neighbors","[step]","mean-Neighbors","[step]","mean-Neighbors","[step]","mean-Neighbors","[step]","mean-Neighbors","[step]","mean-Neighbors","[step]","mean-Neighbors","[step]","mean-Neighbors","[step]","mean-Neighbors","[step]","mean-Neighbors","[step]","mean-Neighbors","[step]","mean-Neighbors","[step]","mean-Neighbors","[step]","mean-Neighbors","[step]","mean-Neighbors","[step]","mean-Neighbors","[step]","mean-Neighbors","[step]","mean-Neighbors","[step]","mean-Neighbors","[step]","mean-Neighbors","[step]","mean-Neighbors","[step]","mean-Neighbors","[step]","mean-Neighbors","[step]","mean-Neighbors","[step]","mean-Neighbors","[step]","mean-Neighbors","[step]","mean-Neighbors","[step]","mean-Neighbors","[step]","mean-Neighbors","[step]","mean-Neighbors","[step]","mean-Neighbors","[step]","mean-Neighbors","[step]","mean-Neighbors","[step]","mean-Neighbors","[step]","mean-Neighbors","[step]","mean-Neighbors","[step]","mean-Neighbors","[step]","mean-Neighbors","[step]","mean-Neighbors","[step]","mean-Neighbors","[step]","mean-Neighbors","[step]","mean-Neighbors","[step]","mean-Neighbors","[step]","mean-Neighbors","[step]","mean-Neighbors","[step]","mean-Neighbors","[step]","mean-Neighbors","[step]","mean-Neighbors","[step]","mean-Neighbors","[step]","mean-Neighbors","[step]","mean-Neighbors","[step]","mean-Neighbors","[step]","mean-Neighbors","[step]","mean-Neighbors","[step]","mean-Neighbors","[step]","mean-Neighbors","[step]","mean-Neighbors","[step]","mean-Neighbors","[step]","mean-Neighbors","[step]","mean-Neighbors","[step]","mean-Neighbors","[step]","mean-Neighbors","[step]","mean-Neighbors","[step]","mean-Neighbors","[step]","mean-Neighbors","[step]","mean-Neighbors","[step]","mean-Neighbors","[step]","mean-Neighbors","[step]","mean-Neighbors","[step]","mean-Neighbors","[step]","mean-Neighbors","[step]","mean-Neighbors","[step]","mean-Neighbors","[step]","mean-Neighbors","[step]","mean-Neighbors","[step]","mean-Neighbors","[step]","mean-Neighbors","[step]","mean-Neighbors","[step]","mean-Neighbors","[step]","mean-Neighbors","[step]","mean-Neighbors","[step]","mean-Neighbors","[step]","mean-Neighbors","[step]","mean-Neighbors","[step]","mean-Neighbors","[step]","mean-Neighbors","[step]","mean-Neighbors","[step]","mean-Neighbors","[step]","mean-Neighbors","[step]","mean-Neighbors","[step]","mean-Neighbors","[step]","mean-Neighbors","[step]","mean-Neighbors","[step]","mean-Neighbors","[step]","mean-Neighbors","[step]","mean-Neighbors","[step]","mean-Neighbors","[step]","mean-Neighbors","[step]","mean-Neighbors","[step]","mean-Neighbors","[step]","mean-Neighbors","[step]","mean-Neighbors","[step]","mean-Neighbors","[step]","mean-Neighbors","[step]","mean-Neighbors","[step]","mean-Neighbors","[step]","mean-Neighbors","[step]","mean-Neighbors","[step]","mean-Neighbors","[step]","mean-Neighbors","[step]","mean-Neighbors","[step]","mean-Neighbors","[step]","mean-Neighbors","[step]","mean-Neighbors","[step]","mean-Neighbors","[step]","mean-Neighbors","[step]","mean-Neighbors","[step]","mean-Neighbors","[step]","mean-Neighbors","[step]","mean-Neighbors","[step]","mean-Neighbors","[step]","mean-Neighbors","[step]","mean-Neighbors","[step]","mean-Neighbors","[step]","mean-Neighbors","[step]","mean-Neighbors","[step]","mean-Neighbors","[step]","mean-Neighbors","[step]","mean-Neighbors","[step]","mean-Neighbors","[step]","mean-Neighbors","[step]","mean-Neighbors","[step]","mean-Neighbors","[step]","mean-Neighbors","[step]","mean-Neighbors","[step]","mean-Neighbors","[step]","mean-Neighbors","[step]","mean-Neighbors","[step]","mean-Neighbors","[step]","mean-Neighbors","[step]","mean-Neighbors","[step]","mean-Neighbors","[step]","mean-Neighbors","[step]","mean-Neighbors","[step]","mean-Neighbors","[step]","mean-Neighbors","[step]","mean-Neighbors","[step]","mean-Neighbors","[step]","mean-Neighbors","[step]","mean-Neighbors","[step]","mean-Neighbors","[step]","mean-Neighbors","[step]","mean-Neighbors","[step]","mean-Neighbors","[step]","mean-Neighbors","[step]","mean-Neighbors","[step]","mean-Neighbors","[step]","mean-Neighbors","[step]","mean-Neighbors","[step]","mean-Neighbors","[step]","mean-Neighbors","[step]","mean-Neighbors","[step]","mean-Neighbors","[step]","mean-Neighbors","[step]","mean-Neighbors","[step]","mean-Neighbors","[step]","mean-Neighbors","[step]","mean-Neighbors","[step]","mean-Neighbors","[step]","mean-Neighbors","[step]","mean-Neighbors","[step]","mean-Neighbors","[step]","mean-Neighbors","[step]","mean-Neighbors","[step]","mean-Neighbors","[step]","mean-Neighbors","[step]","mean-Neighbors","[step]","mean-Neighbors","[step]","mean-Neighbors","[step]","mean-Neighbors","[step]","mean-Neighbors","[step]","mean-Neighbors","[step]","mean-Neighbors","[step]","mean-Neighbors","[step]","mean-Neighbors","[step]","mean-Neighbors","[step]","mean-Neighbors","[step]","mean-Neighbors","[step]","mean-Neighbors","[step]","mean-Neighbors","[step]","mean-Neighbors","[step]","mean-Neighbors","[step]","mean-Neighbors","[step]","mean-Neighbors","[step]","mean-Neighbors","[step]","mean-Neighbors","[step]","mean-Neighbors","[step]","mean-Neighbors","[step]","mean-Neighbors","[step]","mean-Neighbors","[step]","mean-Neighbors","[step]","mean-Neighbors","[step]","mean-Neighbors","[step]","mean-Neighbors","[step]","mean-Neighbors","[step]","mean-Neighbors","[step]","mean-Neighbors","[step]","mean-Neighbors","[step]","mean-Neighbors","[step]","mean-Neighbors","[step]","mean-Neighbors","[step]","mean-Neighbors","[step]","mean-Neighbors","[step]","mean-Neighbors","[step]","mean-Neighbors","[step]","mean-Neighbors","[step]","mean-Neighbors","[step]","mean-Neighbors","[step]","mean-Neighbors","[step]","mean-Neighbors","[step]","mean-Neighbors","[step]","mean-Neighbors","[step]","mean-Neighbors","[step]","mean-Neighbors","[step]","mean-Neighbors","[step]","mean-Neighbors","[step]","mean-Neighbors","[step]","mean-Neighbors","[step]","mean-Neighbors","[step]","mean-Neighbors","[step]","mean-Neighbors","[step]","mean-Neighbors","[step]","mean-Neighbors","[step]","mean-Neighbors","[step]","mean-Neighbors","[step]","mean-Neighbors","[step]","mean-Neighbors","[step]","mean-Neighbors","[step]","mean-Neighbors","[step]","mean-Neighbors","[step]","mean-Neighbors","[step]","mean-Neighbors","[step]","mean-Neighbors","[step]","mean-Neighbors","[step]","mean-Neighbors","[step]","mean-Neighbors","[step]","mean-Neighbors","[step]","mean-Neighbors","[step]","mean-Neighbors","[step]","mean-Neighbors","[step]","mean-Neighbors","[step]","mean-Neighbors","[step]","mean-Neighbors","[step]","mean-Neighbors","[step]","mean-Neighbors","[step]","mean-Neighbors","[step]","mean-Neighbors","[step]","mean-Neighbors","[step]","mean-Neighbors","[step]","mean-Neighbors","[step]","mean-Neighbors","[step]","mean-Neighbors","[step]","mean-Neighbors","[step]","mean-Neighbors","[step]","mean-Neighbors","[step]","mean-Neighbors","[step]","mean-Neighbors","[step]","mean-Neighbors","[step]","mean-Neighbors","[step]","mean-Neighbors","[step]","mean-Neighbors","[step]","mean-Neighbors","[step]","mean-Neighbors","[step]","mean-Neighbors","[step]","mean-Neighbors","[step]","mean-Neighbors","[step]","mean-Neighbors","[step]","mean-Neighbors","[step]","mean-Neighbors","[step]","mean-Neighbors","[step]","mean-Neighbors","[step]","mean-Neighbors","[step]","mean-Neighbors","[step]","mean-Neighbors","[step]","mean-Neighbors","[step]","mean-Neighbors","[step]","mean-Neighbors","[step]","mean-Neighbors","[step]","mean-Neighbors","[step]","mean-Neighbors","[step]","mean-Neighbors","[step]","mean-Neighbors","[step]","mean-Neighbors","[step]","mean-Neighbors","[step]","mean-Neighbors","[step]","mean-Neighbors","[step]","mean-Neighbors","[step]","mean-Neighbors","[step]","mean-Neighbors","[step]","mean-Neighbors","[step]","mean-Neighbors","[step]","mean-Neighbors","[step]","mean-Neighbors","[step]","mean-Neighbors","[step]","mean-Neighbors","[step]","mean-Neighbors","[step]","mean-Neighbors","[step]","mean-Neighbors","[step]","mean-Neighbors","[step]","mean-Neighbors","[step]","mean-Neighbors","[step]","mean-Neighbors","[step]","mean-Neighbors","[step]","mean-Neighbors","[step]","mean-Neighbors","[step]","mean-Neighbors","[step]","mean-Neighbors","[step]","mean-Neighbors","[step]","mean-Neighbors","[step]","mean-Neighbors","[step]","mean-Neighbors","[step]","mean-Neighbors","[step]","mean-Neighbors","[step]","mean-Neighbors","[step]","mean-Neighbors","[step]","mean-Neighbors","[step]","mean-Neighbors","[step]","mean-Neighbors","[step]","mean-Neighbors","[step]","mean-Neighbors","[step]","mean-Neighbors","[step]","mean-Neighbors","[step]","mean-Neighbors","[step]","mean-Neighbors","[step]","mean-Neighbors","[step]","mean-Neighbors","[step]","mean-Neighbors","[step]","mean-Neighbors","[step]","mean-Neighbors","[step]","mean-Neighbors","[step]","mean-Neighbors","[step]","mean-Neighbors","[step]","mean-Neighbors","[step]","mean-Neighbors","[step]","mean-Neighbors","[step]","mean-Neighbors","[step]","mean-Neighbors","[step]","mean-Neighbors","[step]","mean-Neighbors","[step]","mean-Neighbors","[step]","mean-Neighbors","[step]","mean-Neighbors","[step]","mean-Neighbors","[step]","mean-Neighbors","[step]","mean-Neighbors","[step]","mean-Neighbors","[step]","mean-Neighbors","[step]","mean-Neighbors","[step]","mean-Neighbors","[step]","mean-Neighbors","[step]","mean-Neighbors","[step]","mean-Neighbors","[step]","mean-Neighbors","[step]","mean-Neighbors","[step]","mean-Neighbors","[step]","mean-Neighbors","[step]","mean-Neighbors","[step]","mean-Neighbors","[step]","mean-Neighbors","[step]","mean-Neighbors","[step]","mean-Neighbors","[step]","mean-Neighbors","[step]","mean-Neighbors","[step]","mean-Neighbors","[step]","mean-Neighbors","[step]","mean-Neighbors","[step]","mean-Neighbors","[step]","mean-Neighbors","[step]","mean-Neighbors","[step]","mean-Neighbors","[step]","mean-Neighbors","[step]","mean-Neighbors"
,"999","0.26","999","0.332","999","0.308","999","0.24","999","0.32","999","0.356","999","0.324","999","0.316","999","0.324","999","0.372","999","0.316","999","0.32","999","0.34","999","0.264","999","0.296","999","0.236","999","0.276","999","0.296","999","0.228","999","0.292","999","0.292","999","0.368","999","0.324","999","0.316","999","0.284","999","0.332","999","0.312","999","0.276","999","0.348","999","0.32","999","0.348","999","0.312","999","0.408","999","0.308","999","0.348","999","0.36","999","0.384","999","0.324","999","0.352","999","0.296","999","0.508","999","0.344","999","0.32","999","0.408","999","0.448","999","0.356","999","0.352","999","0.356","999","0.356","999","0.388","999","0.464","999","0.468","999","0.476","999","0.432","999","0.516","999","0.336","999","0.476","999","0.384","999","0.452","999","0.336","999","0.568","999","0.408","999","0.488","999","0.508","999","0.524","999","0.436","999","0.456","999","0.552","999","0.56","999","0.544","999","0.584","999","0.648","999","0.688","999","0.568","999","0.564","999","0.632","999","0.68","999","0.556","999","0.612","999","0.728","999","0.74","999","0.796","999","0.728","999","0.736","999","0.752","999","0.784","999","0.752","999","0.592","999","0.652","999","0.756","999","1.168","999","0.876","999","0.912","999","0.928","999","0.844","999","0.816","999","0.968","999","0.792","999","0.908","999","0.908","999","1.008","999","0.944","999","1.172","999","0.932","999","1.008","999","0.944","999","1.008","999","1.14","999","0.892","999","0.752","999","1.164","999","1.448","999","1.248","999","1.38","999","1.248","999","1.216","999","1.124","999","1.4","999","0.956","999","1.172","999","1.668","999","1.58","999","1.728","999","1.616","999","1.564","999","1.372","999","1.736","999","1.268","999","1.58","999","1.344","999","1.66","999","1.712","999","1.84","999","1.696","999","1.676","999","2.268","999","1.696","999","1.992","999","1.932","999","1.604","999","2.568","999","2.18","999","2.284","999","2.556","999","2.32","999","1.812","999","2.128","999","2.22","999","2.08","999","1.944","999","2.396","999","3.4","999","2.568","999","2.712","999","2.532","999","3.06","999","2.976","999","2.208","999","2.972","999","2.196","999","2.28","999","3.064","999","2.964","999","2.824","999","2.836","999","3.008","999","3.072","999","2.732","999","3.316","999","2.748","999","3.752","999","3.264","999","3.136","999","3.528","999","4.28","999","3.292","999","3.152","999","2.628","999","3.364","999","3.196","999","3.536","999","3.944","999","3.06","999","3.52","999","3.62","999","3.744","999","3.792","999","4.344","999","3.596","999","3.728","999","4.088","999","5.748","999","4.852","999","4.252","999","4.956","999","4.692","999","3.9","999","3.996","999","3.532","999","4.572","999","3.924","999","4.764","999","4.744","999","4.94","999","4.256","999","4.712","999","3.756","999","4.984","999","4.532","999","6.008","999","4.792","999","5.24","999","4.252","999","6.3","999","5.46","999","5.296","999","5.24","999","5.496","999","5.468","999","7.188","999","5.34","999","5.972","999","5.388","999","6.04","999","6.04","999","5.48","999","7.032","999","5.136","999","5.412","999","5.628","999","6.712","999","6.636","999","6.152","999","6.008","999","5.76","999","5.048","999","5.916","999","6.616","999","6.148","999","5.5","999","6.716","999","6.864","999","5.692","999","6.9","999","7.996","999","6.04","999","6.988","999","7.164","999","6.876","999","5.56","999","6.34","999","7.984","999","6.236","999","7.044","999","7.544","999","6.864","999","5.968","999","6.82","999","7.36","999","7.16","999","6.032","999","7.856","999","7.108","999","8.524","999","6.868","999","7.572","999","8.208","999","8.648","999","8.652","999","8.148","999","8.872","999","9.02","999","8.26","999","8.184","999","7.208","999","6.84","999","8.468","999","8.808","999","7.548","999","8.552","999","8.496","999","7.832","999","9.828","999","8.276","999","9.352","999","8.592","999","10.308","999","9.68","999","7.92","999","9.248","999","8.296","999","9.464","999","8.892","999","9.96","999","7.848","999","8.276","999","8.984","999","8.852","999","10.572","999","9.144","999","9.188","999","8.824","999","9.588","999","9.884","999","9.812","999","11.44","999","9.744","999","10.824","999","7.788","999","9.996","999","10.84","999","9.532","999","10.772","999","9.712","999","8.704","999","9.356","999","9.86","999","11.332","999","9.952","999","9.552","999","9.672","999","9.524","999","11.86","999","9.968","999","10.172","999","11.872","999","11.212","999","11.672","999","10.42","999","9.368","999","10.288","999","11.208","999","12.012","999","10.856","999","11.248","999","11.6","999","11.232","999","9.368","999","11.948","999","10.316","999","12.792","999","12.244","999","11.656","999","12.588","999","10.968","999","11.364","999","10.38","999","10.48","999","11.932","999","11.968","999","12.884","999","11.824","999","12.932","999","12.256","999","10.804","999","11.116","999","12.536","999","10.396","999","12.052","999","10.936","999","12.76","999","11.248","999","12.42","999","11.892","999","12.664","999","11.064","999","11.284","999","11.924","999","11.852","999","12.748","999","11.5","999","13.292","999","10.684","999","15.004","999","12.932","999","13.52","999","13.26","999","11.368","999","13.22","999","13.016","999","12.96","999","12.896","999","14.584","999","15.724","999","12.408","999","12.908","999","12.94","999","12.992","999","11.024","999","12.5","999","14.244","999","10.424","999","15.424","999","13.528","999","12.144","999","12.648","999","12.596","999","12.988","999","14.412","999","13.1","999","15.868","999","14.568","999","14.02","999","14.096","999","12.536","999","13.328","999","12.42","999","12.944","999","15.332","999","13.192","999","14.976","999","14.504","999","14.896","999","18.108","999","12.736","999","15.12","999","13.248","999","12.708","999","14.068","999","13.26","999","13.244","999","14.092","999","14.152","999","13.804","999","14.888","999","14.092","999","14.728","999","13.96","999","14.612","999","13.232","999","14.096","999","15.364","999","13.356","999","14.484","999","14.608","999","13.392","999","16.044","999","13.82","999","13.624","999","12.752","999","15.06","999","17.616","999","14.968","999","14.82","999","12.924","999","15.336","999","16.892","999","14.708","999","14.496","999","15.128","999","17.364","999","16.408","999","17.756","999","14.224","999","13.82","999","16.28","999","18.18","999","14.84","999","13.8","999","13.764","999","16.12","999","16.776","999","17.444","999","19.52","999","17.932","999","15.14","999","15.616","999","16.836","999","14.872","999","14.544","999","18.076","999","15.04","999","17.428","999","15.48","999","16.356","999","13.748","999","17.124","999","14.872","999","16.484","999","13.708","999","15.936","999","13.244","999","15.384","999","17.004","999","17.492","999","15.144","999","18.012","999","17.68","999","18.184","999","14.512","999","17.268","999","15.4","999","16.972","999","15.7","999","16.76","999","16.28","999","14.188","999","15.044","999","14.1","999","15.384","999","15.872","999","17.88","999","18.3","999","17.928","999","17.532","999","18.036","999","17.256","999","15.524","999","16.664","999","17.54","999","15.48","999","16.236","999","17.04","999","16.328","999","16.416","999","16.728","999","15.788","999","16.684","999","16.336","999","17.036","999","15.208","999","18.132","999","17.98","999","17.24","999","16.74","999","15.46","999","15.14","999","15.124","999","17.204","999","15.884","999","16.964","999","16.676","999","14.388","999","15.224","999","18.892","999","13.848","999","16.504","999","16.308","999","17.152","999","16.932","999","14.744","999","15.228","999","17.864","999","17.004","999","19.016","999","17.804","999","16.2","999","17.5","999","16.764","999","17.856","999","14.516","999","19.5","999","16.704","999","19.232","999","17.048","999","15.204","999","17.2","999","17.424","999","14.968","999","18.976","999","15.752","999","19.944","999","14.936","999","15.668","999","18.28","999","14.404","999","17.108","999","14.072","999","15.128","999","15.512","999","15.876","999","15.508","999","15.784","999","16.26","999","16.012","999","16.732","999","15.404","999","16.356","999","15.896","999","17.408","999","19.048","999","17.576","999","17.48","999","15.436","999","15.844","999","16.064","999","14.972","999","16.58","999","15.264","999","14.936","999","16.356","999","17.128","999","17.348","999","17.212","999","15.576","999","18.54","999","14.448","999","16.144","999","15.832","999","16.796","999","17.68","999","16.804","999","15.488","999","15.18","999","15.94","999","17.036","999","14.968","999","14.544","999","14.732","999","14.744","999","16.148","999","18.112","999","15.112","999","16.052","999","17.072","999","15.224","999","15.28","999","15.528","999","15.74","999","16.788","999","17.656","999","15.828","999","15.684","999","16.568","999","18.628","999","17.552","999","17.592","999","18.468","999","17.556","999","14.992","999","15.292","999","16.968","999","15.028","999","16.876","999","13.34","999","14.604","999","16.048","999","17.116","999","17.796","999","16.4","999","16.148","999","17.088","999","16.236","999","16.156","999","14.56","999","16.856","999","15.524","999","15.624","999","18.796","999","14.82","999","14.536","999","17.284","999","14.964","999","15.116","999","16.356","999","15.696","999","19.28","999","17.016","999","16.328","999","16.468","999","14.756","999","14.876","999","15.708","999","15.808","999","16.868","999","17.084","999","18.112","999","16.16","999","15.452","999","16.84","999","16.3","999","15.296","999","14.852","999","17.54","999","16.7","999","14.94","999","15.28","999","15.216","999","15.768","999","15.744","999","15.368","999","16.62","999","15.612","999","16.82","999","13.848","999","17.52","999","15.232","999","15.144","999","15.344","999","16.472","999","17.9","999","14.208","999","15.92","999","14.976","999","13.22","999","15.584","999","14.476","999","14.36","999","15.48","999","15.528","999","14.64","999","17.86","999","15.56","999","15.528","999","14.628","999","13.724","999","14.316","999","14.42","999","14.756","999","15.208","999","13.596","999","15.768","999","15.472","999","14.652","999","17.072","999","16.312","999","13.908","999","16.476","999","15.628","999","14.072","999","15.292","999","13.816","999","13.76","999","14.676","999","15.952","999","14.76","999","14.9","999","13.96","999","15.272","999","15.004","999","13.62","999","16.056","999","14.08","999","14.848","999","14.384","999","15.172","999","14.976","999","13.792","999","14.46","999","13.768","999","16.04","999","15.728","999","13.36","999","13.776","999","13.624","999","16.732","999","13.964","999","13.636","999","14.744","999","13.964","999","14.76","999","15.096","999","14.156","999","14.812","999","14.052","999","13.3","999","13.692","999","13.72","999","13.568","999","15.336","999","14.668","999","14.072","999","13.248","999","13.032","999","12.972","999","13.452","999","13.752","999","14.176","999","15.116","999","14.836","999","14.556","999","14.32","999","15.568","999","13.364","999","14","999","16.764","999","14.864","999","15.568","999","13.98","999","14.736","999","15.452","999","14.34","999","14.784","999","15.448","999","14.804","999","13.412","999","14.272","999","13.748","999","15.384","999","13.98","999","14.524","999","14.1","999","12.64","999","12.464","999","15.564","999","12.224","999","14.004","999","13.192","999","12.324","999","15.464","999","13.54","999","13.16","999","13.992","999","13.644","999","12.916","999","14.736","999","14.64","999","12.84","999","15.42","999","13.748","999","13.588","999","13.084","999","13.784","999","14","999","14.768","999","13.384","999","13.184","999","13.396","999","12.176","999","13.82","999","12.908","999","13.448","999","13.832","999","12.904","999","13.328","999","14.772","999","13.116","999","12.892","999","13.84","999","12.656","999","13.996","999","13.68","999","12.792","999","14.012","999","11.888","999","14.448","999","13.384","999","13.672","999","11.156","999","12.392","999","12.72","999","14.172","999","14.052","999","12.708","999","12.208","999","14.72","999","13.084","999","12.78","999","13.008","999","12.94","999","12.636","999","10.972","999","13.552","999","12.748","999","14.176","999","12.844","999","12.592","999","13.252","999","13.396","999","12.908","999","13.144","999","12.08","999","13.008","999","12.432","999","12.12","999","12.576","999","12.752","999","11.96","999","12.632","999","12.344","999","12.38","999","11.896","999","11.312","999","13.152","999","11.764","999","12.836","999","12.7","999","12.568","999","11.764","999","12.828","999","14.692","999","13.284","999","11.644","999","12.152","999","11.76","999","13.296","999","12.24","999","11.84","999","10.712","999","12.408","999","12.616","999","11.292","999","13.368","999","11.416","999","11.724","999","11.128","999","15.16","999","12.888","999","12.36","999","10.996","999","10.828","999","11.636","999","10.784","999","12.524","999","11.372","999","11.1","999","11.888","999","11.612","999","11.904","999","11.24","999","10.64","999","10.72","999","12.352","999","12.108","999","10.848","999","10.932","999","10.892","999","11.656","999","12.724","999","12.168","999","11.732","999","13.796","999","11.56","999","11.252","999","11.748","999","11.984","999","12.132","999","9.572","999","9.98","999","10.904","999","10.308","999","11.976","999","10.472","999","10.928","999","10.688","999","10.5","999","11.748","999","11.168","999","11.84","999","10.588","999","11.452","999","11.488","999","11.44","999","11.488","999","10.956","999","10.808","999","11.032","999","13.176","999","11.756","999","10.6","999","9.956","999","11.516","999","11.552","999","9.348","999","10.372","999","10.76","999","11.548","999","10.684","999","11.952","999","11.832","999","11.556","999","12.152","999","12.136","999","10.48","999","10.172","999","10.976","999","10.308","999","10.988","999","9.884","999","10.056","999","9.932","999","9.496","999","9.684","999","10.144","999","10","999","11.208","999","9.368","999","8.616","999","9.868","999","10.008","999","9.712","999","9.9","999","9.572","999","8.816","999","9.932","999","8.132","999","9.436","999","10.408","999","12.32","999","8.848","999","9.432","999","7.92","999","7.464","999","8.264","999","8.252","999","7.992","999","9.496","999","8.816","999","8.356","999","7.34","999","6.24","999","6.36","999","5.952","999","6.116","999","5.696","999","6.872","999","7.8","999","6.312","999","6.512","999","6.452"
