"BehaviorSpace results (NetLogo 7.0.3)","Table version 2.0"
"Beckage_Netlogo7_butterfliesObs_sol.nlogox"
"q to maximize neighbors"
"05/05/2026 09:42:15:571 -0400"
"min-pxcor","max-pxcor","min-pycor","max-pycor"
"0","149","0","149"
"[run number]","exportCorridorWidth?","ButterFliesAtOrigin?","ImportElevationData?","q","[step]","mean-Neighbors"
"9","false","false","true","0","999","0.324"
"11","false","false","true","0.01","999","0.316"
"6","false","false","true","0","999","0.356"
"10","false","false","true","0","999","0.372"
"8","false","false","true","0","999","0.316"
"12","false","false","true","0.01","999","0.32"
"3","false","false","true","0","999","0.308"
"2","false","false","true","0","999","0.332"
"7","false","false","true","0","999","0.324"
"5","false","false","true","0","999","0.32"
"4","false","false","true","0","999","0.24"
"1","false","false","true","0","999","0.26"
"13","false","false","true","0.01","999","0.34"
"14","false","false","true","0.01","999","0.264"
"15","false","false","true","0.01","999","0.296"
"16","false","false","true","0.01","999","0.236"
"18","false","false","true","0.01","999","0.296"
"17","false","false","true","0.01","999","0.276"
"19","false","false","true","0.01","999","0.228"
"20","false","false","true","0.01","999","0.292"
"21","false","false","true","0.02","999","0.292"
"22","false","false","true","0.02","999","0.368"
"23","false","false","true","0.02","999","0.324"
"24","false","false","true","0.02","999","0.316"
"25","false","false","true","0.02","999","0.284"
"26","false","false","true","0.02","999","0.332"
"27","false","false","true","0.02","999","0.312"
"28","false","false","true","0.02","999","0.276"
"29","false","false","true","0.02","999","0.348"
"30","false","false","true","0.02","999","0.32"
"31","false","false","true","0.03","999","0.348"
"32","false","false","true","0.03","999","0.312"
"33","false","false","true","0.03","999","0.408"
"34","false","false","true","0.03","999","0.308"
"35","false","false","true","0.03","999","0.348"
"37","false","false","true","0.03","999","0.384"
"36","false","false","true","0.03","999","0.36"
"38","false","false","true","0.03","999","0.324"
"39","false","false","true","0.03","999","0.352"
"40","false","false","true","0.03","999","0.296"
"41","false","false","true","0.04","999","0.508"
"42","false","false","true","0.04","999","0.344"
"43","false","false","true","0.04","999","0.32"
"44","false","false","true","0.04","999","0.408"
"45","false","false","true","0.04","999","0.448"
"46","false","false","true","0.04","999","0.356"
"47","false","false","true","0.04","999","0.352"
"48","false","false","true","0.04","999","0.356"
"50","false","false","true","0.04","999","0.388"
"51","false","false","true","0.05","999","0.464"
"52","false","false","true","0.05","999","0.468"
"49","false","false","true","0.04","999","0.356"
"53","false","false","true","0.05","999","0.476"
"54","false","false","true","0.05","999","0.432"
"55","false","false","true","0.05","999","0.516"
"56","false","false","true","0.05","999","0.336"
"57","false","false","true","0.05","999","0.476"
"60","false","false","true","0.05","999","0.336"
"58","false","false","true","0.05","999","0.384"
"61","false","false","true","0.06","999","0.568"
"59","false","false","true","0.05","999","0.452"
"62","false","false","true","0.06","999","0.408"
"63","false","false","true","0.06","999","0.488"
"65","false","false","true","0.06","999","0.524"
"64","false","false","true","0.06","999","0.508"
"66","false","false","true","0.06","999","0.436"
"67","false","false","true","0.06","999","0.456"
"70","false","false","true","0.06","999","0.544"
"68","false","false","true","0.06","999","0.552"
"72","false","false","true","0.07","999","0.648"
"69","false","false","true","0.06","999","0.56"
"71","false","false","true","0.07","999","0.584"
"73","false","false","true","0.07","999","0.688"
"75","false","false","true","0.07","999","0.564"
"74","false","false","true","0.07","999","0.568"
"76","false","false","true","0.07","999","0.632"
"80","false","false","true","0.07","999","0.728"
"82","false","false","true","0.08","999","0.796"
"78","false","false","true","0.07","999","0.556"
"79","false","false","true","0.07","999","0.612"
"77","false","false","true","0.07","999","0.68"
"81","false","false","true","0.08","999","0.74"
"83","false","false","true","0.08","999","0.728"
"87","false","false","true","0.08","999","0.752"
"86","false","false","true","0.08","999","0.784"
"84","false","false","true","0.08","999","0.736"
"85","false","false","true","0.08","999","0.752"
"88","false","false","true","0.08","999","0.592"
"90","false","false","true","0.08","999","0.756"
"89","false","false","true","0.08","999","0.652"
"91","false","false","true","0.09","999","1.168"
"92","false","false","true","0.09","999","0.876"
"93","false","false","true","0.09","999","0.912"
"94","false","false","true","0.09","999","0.928"
"96","false","false","true","0.09","999","0.816"
"97","false","false","true","0.09","999","0.968"
"95","false","false","true","0.09","999","0.844"
"98","false","false","true","0.09","999","0.792"
"99","false","false","true","0.09","999","0.908"
"101","false","false","true","0.1","999","1.008"
"100","false","false","true","0.09","999","0.908"
"102","false","false","true","0.1","999","0.944"
"103","false","false","true","0.1","999","1.172"
"104","false","false","true","0.1","999","0.932"
"107","false","false","true","0.1","999","1.008"
"108","false","false","true","0.1","999","1.14"
"106","false","false","true","0.1","999","0.944"
"109","false","false","true","0.1","999","0.892"
"105","false","false","true","0.1","999","1.008"
"112","false","false","true","0.11","999","1.448"
"110","false","false","true","0.1","999","0.752"
"114","false","false","true","0.11","999","1.38"
"113","false","false","true","0.11","999","1.248"
"111","false","false","true","0.11","999","1.164"
"117","false","false","true","0.11","999","1.124"
"115","false","false","true","0.11","999","1.248"
"116","false","false","true","0.11","999","1.216"
"118","false","false","true","0.11","999","1.4"
"119","false","false","true","0.11","999","0.956"
"122","false","false","true","0.12","999","1.58"
"120","false","false","true","0.11","999","1.172"
"124","false","false","true","0.12","999","1.616"
"121","false","false","true","0.12","999","1.668"
"125","false","false","true","0.12","999","1.564"
"123","false","false","true","0.12","999","1.728"
"126","false","false","true","0.12","999","1.372"
"127","false","false","true","0.12","999","1.736"
"130","false","false","true","0.12","999","1.344"
"129","false","false","true","0.12","999","1.58"
"128","false","false","true","0.12","999","1.268"
"132","false","false","true","0.13","999","1.712"
"134","false","false","true","0.13","999","1.696"
"131","false","false","true","0.13","999","1.66"
"133","false","false","true","0.13","999","1.84"
"136","false","false","true","0.13","999","2.268"
"137","false","false","true","0.13","999","1.696"
"135","false","false","true","0.13","999","1.676"
"138","false","false","true","0.13","999","1.992"
"139","false","false","true","0.13","999","1.932"
"140","false","false","true","0.13","999","1.604"
"143","false","false","true","0.14","999","2.284"
"141","false","false","true","0.14","999","2.568"
"144","false","false","true","0.14","999","2.556"
"142","false","false","true","0.14","999","2.18"
"145","false","false","true","0.14","999","2.32"
"147","false","false","true","0.14","999","2.128"
"146","false","false","true","0.14","999","1.812"
"151","false","false","true","0.15","999","2.396"
"148","false","false","true","0.14","999","2.22"
"152","false","false","true","0.15","999","3.4"
"150","false","false","true","0.14","999","1.944"
"153","false","false","true","0.15","999","2.568"
"149","false","false","true","0.14","999","2.08"
"155","false","false","true","0.15","999","2.532"
"154","false","false","true","0.15","999","2.712"
"156","false","false","true","0.15","999","3.06"
"158","false","false","true","0.15","999","2.208"
"157","false","false","true","0.15","999","2.976"
"159","false","false","true","0.15","999","2.972"
"160","false","false","true","0.15","999","2.196"
"164","false","false","true","0.16","999","2.824"
"162","false","false","true","0.16","999","3.064"
"161","false","false","true","0.16","999","2.28"
"166","false","false","true","0.16","999","3.008"
"163","false","false","true","0.16","999","2.964"
"167","false","false","true","0.16","999","3.072"
"165","false","false","true","0.16","999","2.836"
"168","false","false","true","0.16","999","2.732"
"169","false","false","true","0.16","999","3.316"
"170","false","false","true","0.16","999","2.748"
"172","false","false","true","0.17","999","3.264"
"171","false","false","true","0.17","999","3.752"
"173","false","false","true","0.17","999","3.136"
"174","false","false","true","0.17","999","3.528"
"176","false","false","true","0.17","999","3.292"
"175","false","false","true","0.17","999","4.28"
"177","false","false","true","0.17","999","3.152"
"178","false","false","true","0.17","999","2.628"
"180","false","false","true","0.17","999","3.196"
"181","false","false","true","0.18","999","3.536"
"179","false","false","true","0.17","999","3.364"
"183","false","false","true","0.18","999","3.06"
"185","false","false","true","0.18","999","3.62"
"182","false","false","true","0.18","999","3.944"
"187","false","false","true","0.18","999","3.792"
"186","false","false","true","0.18","999","3.744"
"184","false","false","true","0.18","999","3.52"
"188","false","false","true","0.18","999","4.344"
"190","false","false","true","0.18","999","3.728"
"189","false","false","true","0.18","999","3.596"
"192","false","false","true","0.19","999","5.748"
"191","false","false","true","0.19","999","4.088"
"194","false","false","true","0.19","999","4.252"
"195","false","false","true","0.19","999","4.956"
"197","false","false","true","0.19","999","3.9"
"193","false","false","true","0.19","999","4.852"
"198","false","false","true","0.19","999","3.996"
"196","false","false","true","0.19","999","4.692"
"199","false","false","true","0.19","999","3.532"
"200","false","false","true","0.19","999","4.572"
"203","false","false","true","0.2","999","4.744"
"201","false","false","true","0.2","999","3.924"
"202","false","false","true","0.2","999","4.764"
"205","false","false","true","0.2","999","4.256"
"204","false","false","true","0.2","999","4.94"
"206","false","false","true","0.2","999","4.712"
"207","false","false","true","0.2","999","3.756"
"209","false","false","true","0.2","999","4.532"
"210","false","false","true","0.2","999","6.008"
"211","false","false","true","0.21","999","4.792"
"208","false","false","true","0.2","999","4.984"
"213","false","false","true","0.21","999","4.252"
"212","false","false","true","0.21","999","5.24"
"216","false","false","true","0.21","999","5.296"
"214","false","false","true","0.21","999","6.3"
"217","false","false","true","0.21","999","5.24"
"215","false","false","true","0.21","999","5.46"
"218","false","false","true","0.21","999","5.496"
"219","false","false","true","0.21","999","5.468"
"220","false","false","true","0.21","999","7.188"
"221","false","false","true","0.22","999","5.34"
"222","false","false","true","0.22","999","5.972"
"224","false","false","true","0.22","999","6.04"
"223","false","false","true","0.22","999","5.388"
"226","false","false","true","0.22","999","5.48"
"227","false","false","true","0.22","999","7.032"
"225","false","false","true","0.22","999","6.04"
"230","false","false","true","0.22","999","5.628"
"228","false","false","true","0.22","999","5.136"
"229","false","false","true","0.22","999","5.412"
"231","false","false","true","0.23","999","6.712"
"232","false","false","true","0.23","999","6.636"
"233","false","false","true","0.23","999","6.152"
"234","false","false","true","0.23","999","6.008"
"235","false","false","true","0.23","999","5.76"
"237","false","false","true","0.23","999","5.916"
"236","false","false","true","0.23","999","5.048"
"238","false","false","true","0.23","999","6.616"
"240","false","false","true","0.23","999","5.5"
"239","false","false","true","0.23","999","6.148"
"241","false","false","true","0.24","999","6.716"
"243","false","false","true","0.24","999","5.692"
"242","false","false","true","0.24","999","6.864"
"244","false","false","true","0.24","999","6.9"
"245","false","false","true","0.24","999","7.996"
"247","false","false","true","0.24","999","6.988"
"246","false","false","true","0.24","999","6.04"
"248","false","false","true","0.24","999","7.164"
"250","false","false","true","0.24","999","5.56"
"251","false","false","true","0.25","999","6.34"
"254","false","false","true","0.25","999","7.044"
"252","false","false","true","0.25","999","7.984"
"249","false","false","true","0.24","999","6.876"
"253","false","false","true","0.25","999","6.236"
"256","false","false","true","0.25","999","6.864"
"255","false","false","true","0.25","999","7.544"
"258","false","false","true","0.25","999","6.82"
"260","false","false","true","0.25","999","7.16"
"257","false","false","true","0.25","999","5.968"
"259","false","false","true","0.25","999","7.36"
"262","false","false","true","0.26","999","7.856"
"261","false","false","true","0.26","999","6.032"
"263","false","false","true","0.26","999","7.108"
"267","false","false","true","0.26","999","8.208"
"264","false","false","true","0.26","999","8.524"
"266","false","false","true","0.26","999","7.572"
"265","false","false","true","0.26","999","6.868"
"268","false","false","true","0.26","999","8.648"
"269","false","false","true","0.26","999","8.652"
"270","false","false","true","0.26","999","8.148"
"271","false","false","true","0.27","999","8.872"
"272","false","false","true","0.27","999","9.02"
"273","false","false","true","0.27","999","8.26"
"275","false","false","true","0.27","999","7.208"
"274","false","false","true","0.27","999","8.184"
"276","false","false","true","0.27","999","6.84"
"278","false","false","true","0.27","999","8.808"
"277","false","false","true","0.27","999","8.468"
"282","false","false","true","0.28","999","7.832"
"281","false","false","true","0.28","999","8.496"
"280","false","false","true","0.27","999","8.552"
"279","false","false","true","0.27","999","7.548"
"283","false","false","true","0.28","999","9.828"
"284","false","false","true","0.28","999","8.276"
"285","false","false","true","0.28","999","9.352"
"286","false","false","true","0.28","999","8.592"
"287","false","false","true","0.28","999","10.308"
"288","false","false","true","0.28","999","9.68"
"289","false","false","true","0.28","999","7.92"
"290","false","false","true","0.28","999","9.248"
"291","false","false","true","0.29","999","8.296"
"292","false","false","true","0.29","999","9.464"
"293","false","false","true","0.29","999","8.892"
"294","false","false","true","0.29","999","9.96"
"295","false","false","true","0.29","999","7.848"
"297","false","false","true","0.29","999","8.984"
"296","false","false","true","0.29","999","8.276"
"298","false","false","true","0.29","999","8.852"
"299","false","false","true","0.29","999","10.572"
"300","false","false","true","0.29","999","9.144"
"301","false","false","true","0.3","999","9.188"
"303","false","false","true","0.3","999","9.588"
"304","false","false","true","0.3","999","9.884"
"302","false","false","true","0.3","999","8.824"
"305","false","false","true","0.3","999","9.812"
"308","false","false","true","0.3","999","10.824"
"307","false","false","true","0.3","999","9.744"
"310","false","false","true","0.3","999","9.996"
"309","false","false","true","0.3","999","7.788"
"306","false","false","true","0.3","999","11.44"
"312","false","false","true","0.31","999","9.532"
"311","false","false","true","0.31","999","10.84"
"314","false","false","true","0.31","999","9.712"
"313","false","false","true","0.31","999","10.772"
"315","false","false","true","0.31","999","8.704"
"316","false","false","true","0.31","999","9.356"
"318","false","false","true","0.31","999","11.332"
"320","false","false","true","0.31","999","9.552"
"317","false","false","true","0.31","999","9.86"
"319","false","false","true","0.31","999","9.952"
"321","false","false","true","0.32","999","9.672"
"323","false","false","true","0.32","999","11.86"
"324","false","false","true","0.32","999","9.968"
"322","false","false","true","0.32","999","9.524"
"325","false","false","true","0.32","999","10.172"
"326","false","false","true","0.32","999","11.872"
"327","false","false","true","0.32","999","11.212"
"329","false","false","true","0.32","999","10.42"
"328","false","false","true","0.32","999","11.672"
"330","false","false","true","0.32","999","9.368"
"331","false","false","true","0.33","999","10.288"
"332","false","false","true","0.33","999","11.208"
"334","false","false","true","0.33","999","10.856"
"333","false","false","true","0.33","999","12.012"
"335","false","false","true","0.33","999","11.248"
"337","false","false","true","0.33","999","11.232"
"336","false","false","true","0.33","999","11.6"
"339","false","false","true","0.33","999","11.948"
"338","false","false","true","0.33","999","9.368"
"340","false","false","true","0.33","999","10.316"
"342","false","false","true","0.34","999","12.244"
"341","false","false","true","0.34","999","12.792"
"345","false","false","true","0.34","999","10.968"
"344","false","false","true","0.34","999","12.588"
"343","false","false","true","0.34","999","11.656"
"346","false","false","true","0.34","999","11.364"
"347","false","false","true","0.34","999","10.38"
"348","false","false","true","0.34","999","10.48"
"350","false","false","true","0.34","999","11.968"
"352","false","false","true","0.35","999","11.824"
"351","false","false","true","0.35","999","12.884"
"353","false","false","true","0.35","999","12.932"
"349","false","false","true","0.34","999","11.932"
"354","false","false","true","0.35","999","12.256"
"355","false","false","true","0.35","999","10.804"
"356","false","false","true","0.35","999","11.116"
"357","false","false","true","0.35","999","12.536"
"358","false","false","true","0.35","999","10.396"
"360","false","false","true","0.35","999","10.936"
"359","false","false","true","0.35","999","12.052"
"362","false","false","true","0.36","999","11.248"
"361","false","false","true","0.36","999","12.76"
"364","false","false","true","0.36","999","11.892"
"363","false","false","true","0.36","999","12.42"
"365","false","false","true","0.36","999","12.664"
"367","false","false","true","0.36","999","11.284"
"366","false","false","true","0.36","999","11.064"
"368","false","false","true","0.36","999","11.924"
"371","false","false","true","0.37","999","11.5"
"369","false","false","true","0.36","999","11.852"
"370","false","false","true","0.36","999","12.748"
"372","false","false","true","0.37","999","13.292"
"373","false","false","true","0.37","999","10.684"
"374","false","false","true","0.37","999","15.004"
"375","false","false","true","0.37","999","12.932"
"376","false","false","true","0.37","999","13.52"
"378","false","false","true","0.37","999","11.368"
"377","false","false","true","0.37","999","13.26"
"379","false","false","true","0.37","999","13.22"
"381","false","false","true","0.38","999","12.96"
"380","false","false","true","0.37","999","13.016"
"385","false","false","true","0.38","999","12.408"
"383","false","false","true","0.38","999","14.584"
"382","false","false","true","0.38","999","12.896"
"384","false","false","true","0.38","999","15.724"
"387","false","false","true","0.38","999","12.94"
"386","false","false","true","0.38","999","12.908"
"388","false","false","true","0.38","999","12.992"
"389","false","false","true","0.38","999","11.024"
"391","false","false","true","0.39","999","14.244"
"392","false","false","true","0.39","999","10.424"
"394","false","false","true","0.39","999","13.528"
"390","false","false","true","0.38","999","12.5"
"393","false","false","true","0.39","999","15.424"
"398","false","false","true","0.39","999","12.988"
"395","false","false","true","0.39","999","12.144"
"397","false","false","true","0.39","999","12.596"
"399","false","false","true","0.39","999","14.412"
"396","false","false","true","0.39","999","12.648"
"400","false","false","true","0.39","999","13.1"
"401","false","false","true","0.4","999","15.868"
"403","false","false","true","0.4","999","14.02"
"404","false","false","true","0.4","999","14.096"
"402","false","false","true","0.4","999","14.568"
"407","false","false","true","0.4","999","12.42"
"406","false","false","true","0.4","999","13.328"
"409","false","false","true","0.4","999","15.332"
"408","false","false","true","0.4","999","12.944"
"410","false","false","true","0.4","999","13.192"
"405","false","false","true","0.4","999","12.536"
"411","false","false","true","0.41","999","14.976"
"412","false","false","true","0.41","999","14.504"
"413","false","false","true","0.41","999","14.896"
"415","false","false","true","0.41","999","12.736"
"414","false","false","true","0.41","999","18.108"
"417","false","false","true","0.41","999","13.248"
"416","false","false","true","0.41","999","15.12"
"418","false","false","true","0.41","999","12.708"
"421","false","false","true","0.42","999","13.244"
"419","false","false","true","0.41","999","14.068"
"420","false","false","true","0.41","999","13.26"
"423","false","false","true","0.42","999","14.152"
"422","false","false","true","0.42","999","14.092"
"425","false","false","true","0.42","999","14.888"
"424","false","false","true","0.42","999","13.804"
"426","false","false","true","0.42","999","14.092"
"427","false","false","true","0.42","999","14.728"
"428","false","false","true","0.42","999","13.96"
"429","false","false","true","0.42","999","14.612"
"431","false","false","true","0.43","999","14.096"
"430","false","false","true","0.42","999","13.232"
"432","false","false","true","0.43","999","15.364"
"433","false","false","true","0.43","999","13.356"
"436","false","false","true","0.43","999","13.392"
"434","false","false","true","0.43","999","14.484"
"437","false","false","true","0.43","999","16.044"
"435","false","false","true","0.43","999","14.608"
"438","false","false","true","0.43","999","13.82"
"439","false","false","true","0.43","999","13.624"
"440","false","false","true","0.43","999","12.752"
"442","false","false","true","0.44","999","17.616"
"444","false","false","true","0.44","999","14.82"
"441","false","false","true","0.44","999","15.06"
"443","false","false","true","0.44","999","14.968"
"445","false","false","true","0.44","999","12.924"
"446","false","false","true","0.44","999","15.336"
"450","false","false","true","0.44","999","15.128"
"448","false","false","true","0.44","999","14.708"
"447","false","false","true","0.44","999","16.892"
"451","false","false","true","0.45","999","17.364"
"452","false","false","true","0.45","999","16.408"
"449","false","false","true","0.44","999","14.496"
"453","false","false","true","0.45","999","17.756"
"454","false","false","true","0.45","999","14.224"
"456","false","false","true","0.45","999","16.28"
"455","false","false","true","0.45","999","13.82"
"458","false","false","true","0.45","999","14.84"
"457","false","false","true","0.45","999","18.18"
"459","false","false","true","0.45","999","13.8"
"460","false","false","true","0.45","999","13.764"
"463","false","false","true","0.46","999","17.444"
"461","false","false","true","0.46","999","16.12"
"462","false","false","true","0.46","999","16.776"
"464","false","false","true","0.46","999","19.52"
"465","false","false","true","0.46","999","17.932"
"466","false","false","true","0.46","999","15.14"
"467","false","false","true","0.46","999","15.616"
"469","false","false","true","0.46","999","14.872"
"468","false","false","true","0.46","999","16.836"
"471","false","false","true","0.47","999","18.076"
"470","false","false","true","0.46","999","14.544"
"473","false","false","true","0.47","999","17.428"
"472","false","false","true","0.47","999","15.04"
"475","false","false","true","0.47","999","16.356"
"474","false","false","true","0.47","999","15.48"
"477","false","false","true","0.47","999","17.124"
"476","false","false","true","0.47","999","13.748"
"478","false","false","true","0.47","999","14.872"
"480","false","false","true","0.47","999","13.708"
"482","false","false","true","0.48","999","13.244"
"479","false","false","true","0.47","999","16.484"
"481","false","false","true","0.48","999","15.936"
"483","false","false","true","0.48","999","15.384"
"484","false","false","true","0.48","999","17.004"
"486","false","false","true","0.48","999","15.144"
"485","false","false","true","0.48","999","17.492"
"487","false","false","true","0.48","999","18.012"
"488","false","false","true","0.48","999","17.68"
"491","false","false","true","0.49","999","17.268"
"492","false","false","true","0.49","999","15.4"
"490","false","false","true","0.48","999","14.512"
"489","false","false","true","0.48","999","18.184"
"493","false","false","true","0.49","999","16.972"
"496","false","false","true","0.49","999","16.28"
"495","false","false","true","0.49","999","16.76"
"494","false","false","true","0.49","999","15.7"
"497","false","false","true","0.49","999","14.188"
"498","false","false","true","0.49","999","15.044"
"499","false","false","true","0.49","999","14.1"
"500","false","false","true","0.49","999","15.384"
"502","false","false","true","0.5","999","17.88"
"501","false","false","true","0.5","999","15.872"
"503","false","false","true","0.5","999","18.3"
"506","false","false","true","0.5","999","18.036"
"505","false","false","true","0.5","999","17.532"
"509","false","false","true","0.5","999","16.664"
"507","false","false","true","0.5","999","17.256"
"508","false","false","true","0.5","999","15.524"
"504","false","false","true","0.5","999","17.928"
"510","false","false","true","0.5","999","17.54"
"512","false","false","true","0.51","999","16.236"
"513","false","false","true","0.51","999","17.04"
"511","false","false","true","0.51","999","15.48"
"514","false","false","true","0.51","999","16.328"
"516","false","false","true","0.51","999","16.728"
"515","false","false","true","0.51","999","16.416"
"518","false","false","true","0.51","999","16.684"
"517","false","false","true","0.51","999","15.788"
"519","false","false","true","0.51","999","16.336"
"520","false","false","true","0.51","999","17.036"
"522","false","false","true","0.52","999","18.132"
"521","false","false","true","0.52","999","15.208"
"524","false","false","true","0.52","999","17.24"
"526","false","false","true","0.52","999","15.46"
"523","false","false","true","0.52","999","17.98"
"525","false","false","true","0.52","999","16.74"
"527","false","false","true","0.52","999","15.14"
"528","false","false","true","0.52","999","15.124"
"529","false","false","true","0.52","999","17.204"
"530","false","false","true","0.52","999","15.884"
"531","false","false","true","0.53","999","16.964"
"532","false","false","true","0.53","999","16.676"
"533","false","false","true","0.53","999","14.388"
"535","false","false","true","0.53","999","18.892"
"536","false","false","true","0.53","999","13.848"
"537","false","false","true","0.53","999","16.504"
"534","false","false","true","0.53","999","15.224"
"539","false","false","true","0.53","999","17.152"
"538","false","false","true","0.53","999","16.308"
"540","false","false","true","0.53","999","16.932"
"541","false","false","true","0.54","999","14.744"
"542","false","false","true","0.54","999","15.228"
"543","false","false","true","0.54","999","17.864"
"546","false","false","true","0.54","999","17.804"
"548","false","false","true","0.54","999","17.5"
"545","false","false","true","0.54","999","19.016"
"544","false","false","true","0.54","999","17.004"
"547","false","false","true","0.54","999","16.2"
"550","false","false","true","0.54","999","17.856"
"551","false","false","true","0.55","999","14.516"
"549","false","false","true","0.54","999","16.764"
"553","false","false","true","0.55","999","16.704"
"552","false","false","true","0.55","999","19.5"
"556","false","false","true","0.55","999","15.204"
"554","false","false","true","0.55","999","19.232"
"555","false","false","true","0.55","999","17.048"
"560","false","false","true","0.55","999","18.976"
"557","false","false","true","0.55","999","17.2"
"558","false","false","true","0.55","999","17.424"
"559","false","false","true","0.55","999","14.968"
"561","false","false","true","0.56","999","15.752"
"564","false","false","true","0.56","999","15.668"
"562","false","false","true","0.56","999","19.944"
"565","false","false","true","0.56","999","18.28"
"563","false","false","true","0.56","999","14.936"
"566","false","false","true","0.56","999","14.404"
"567","false","false","true","0.56","999","17.108"
"569","false","false","true","0.56","999","15.128"
"568","false","false","true","0.56","999","14.072"
"570","false","false","true","0.56","999","15.512"
"573","false","false","true","0.57","999","15.784"
"571","false","false","true","0.57","999","15.876"
"572","false","false","true","0.57","999","15.508"
"574","false","false","true","0.57","999","16.26"
"576","false","false","true","0.57","999","16.732"
"578","false","false","true","0.57","999","16.356"
"575","false","false","true","0.57","999","16.012"
"580","false","false","true","0.57","999","17.408"
"579","false","false","true","0.57","999","15.896"
"577","false","false","true","0.57","999","15.404"
"583","false","false","true","0.58","999","17.48"
"582","false","false","true","0.58","999","17.576"
"581","false","false","true","0.58","999","19.048"
"584","false","false","true","0.58","999","15.436"
"585","false","false","true","0.58","999","15.844"
"586","false","false","true","0.58","999","16.064"
"588","false","false","true","0.58","999","16.58"
"587","false","false","true","0.58","999","14.972"
"589","false","false","true","0.58","999","15.264"
"590","false","false","true","0.58","999","14.936"
"593","false","false","true","0.59","999","17.348"
"591","false","false","true","0.59","999","16.356"
"594","false","false","true","0.59","999","17.212"
"595","false","false","true","0.59","999","15.576"
"596","false","false","true","0.59","999","18.54"
"592","false","false","true","0.59","999","17.128"
"598","false","false","true","0.59","999","16.144"
"597","false","false","true","0.59","999","14.448"
"599","false","false","true","0.59","999","15.832"
"600","false","false","true","0.59","999","16.796"
"602","false","false","true","0.6","999","16.804"
"603","false","false","true","0.6","999","15.488"
"601","false","false","true","0.6","999","17.68"
"605","false","false","true","0.6","999","15.94"
"604","false","false","true","0.6","999","15.18"
"607","false","false","true","0.6","999","14.968"
"606","false","false","true","0.6","999","17.036"
"609","false","false","true","0.6","999","14.732"
"608","false","false","true","0.6","999","14.544"
"610","false","false","true","0.6","999","14.744"
"611","false","false","true","0.61","999","16.148"
"612","false","false","true","0.61","999","18.112"
"613","false","false","true","0.61","999","15.112"
"614","false","false","true","0.61","999","16.052"
"615","false","false","true","0.61","999","17.072"
"616","false","false","true","0.61","999","15.224"
"617","false","false","true","0.61","999","15.28"
"618","false","false","true","0.61","999","15.528"
"619","false","false","true","0.61","999","15.74"
"620","false","false","true","0.61","999","16.788"
"623","false","false","true","0.62","999","15.684"
"622","false","false","true","0.62","999","15.828"
"621","false","false","true","0.62","999","17.656"
"625","false","false","true","0.62","999","18.628"
"624","false","false","true","0.62","999","16.568"
"626","false","false","true","0.62","999","17.552"
"628","false","false","true","0.62","999","18.468"
"627","false","false","true","0.62","999","17.592"
"629","false","false","true","0.62","999","17.556"
"630","false","false","true","0.62","999","14.992"
"632","false","false","true","0.63","999","16.968"
"631","false","false","true","0.63","999","15.292"
"633","false","false","true","0.63","999","15.028"
"634","false","false","true","0.63","999","16.876"
"636","false","false","true","0.63","999","14.604"
"638","false","false","true","0.63","999","17.116"
"637","false","false","true","0.63","999","16.048"
"635","false","false","true","0.63","999","13.34"
"639","false","false","true","0.63","999","17.796"
"641","false","false","true","0.64","999","16.148"
"640","false","false","true","0.63","999","16.4"
"643","false","false","true","0.64","999","16.236"
"642","false","false","true","0.64","999","17.088"
"645","false","false","true","0.64","999","14.56"
"644","false","false","true","0.64","999","16.156"
"647","false","false","true","0.64","999","15.524"
"648","false","false","true","0.64","999","15.624"
"646","false","false","true","0.64","999","16.856"
"649","false","false","true","0.64","999","18.796"
"651","false","false","true","0.65","999","14.536"
"650","false","false","true","0.64","999","14.82"
"652","false","false","true","0.65","999","17.284"
"654","false","false","true","0.65","999","15.116"
"656","false","false","true","0.65","999","15.696"
"653","false","false","true","0.65","999","14.964"
"655","false","false","true","0.65","999","16.356"
"657","false","false","true","0.65","999","19.28"
"658","false","false","true","0.65","999","17.016"
"659","false","false","true","0.65","999","16.328"
"660","false","false","true","0.65","999","16.468"
"661","false","false","true","0.66","999","14.756"
"662","false","false","true","0.66","999","14.876"
"665","false","false","true","0.66","999","16.868"
"666","false","false","true","0.66","999","17.084"
"664","false","false","true","0.66","999","15.808"
"663","false","false","true","0.66","999","15.708"
"668","false","false","true","0.66","999","16.16"
"667","false","false","true","0.66","999","18.112"
"669","false","false","true","0.66","999","15.452"
"671","false","false","true","0.67","999","16.3"
"670","false","false","true","0.66","999","16.84"
"673","false","false","true","0.67","999","14.852"
"672","false","false","true","0.67","999","15.296"
"674","false","false","true","0.67","999","17.54"
"676","false","false","true","0.67","999","14.94"
"675","false","false","true","0.67","999","16.7"
"677","false","false","true","0.67","999","15.28"
"679","false","false","true","0.67","999","15.768"
"682","false","false","true","0.68","999","16.62"
"678","false","false","true","0.67","999","15.216"
"680","false","false","true","0.67","999","15.744"
"683","false","false","true","0.68","999","15.612"
"681","false","false","true","0.68","999","15.368"
"684","false","false","true","0.68","999","16.82"
"685","false","false","true","0.68","999","13.848"
"687","false","false","true","0.68","999","15.232"
"686","false","false","true","0.68","999","17.52"
"688","false","false","true","0.68","999","15.144"
"689","false","false","true","0.68","999","15.344"
"690","false","false","true","0.68","999","16.472"
"691","false","false","true","0.69","999","17.9"
"694","false","false","true","0.69","999","14.976"
"693","false","false","true","0.69","999","15.92"
"695","false","false","true","0.69","999","13.22"
"692","false","false","true","0.69","999","14.208"
"696","false","false","true","0.69","999","15.584"
"698","false","false","true","0.69","999","14.36"
"699","false","false","true","0.69","999","15.48"
"700","false","false","true","0.69","999","15.528"
"697","false","false","true","0.69","999","14.476"
"703","false","false","true","0.7","999","15.56"
"701","false","false","true","0.7","999","14.64"
"702","false","false","true","0.7","999","17.86"
"704","false","false","true","0.7","999","15.528"
"706","false","false","true","0.7","999","13.724"
"705","false","false","true","0.7","999","14.628"
"709","false","false","true","0.7","999","14.756"
"707","false","false","true","0.7","999","14.316"
"708","false","false","true","0.7","999","14.42"
"711","false","false","true","0.71","999","13.596"
"710","false","false","true","0.7","999","15.208"
"712","false","false","true","0.71","999","15.768"
"713","false","false","true","0.71","999","15.472"
"716","false","false","true","0.71","999","16.312"
"715","false","false","true","0.71","999","17.072"
"714","false","false","true","0.71","999","14.652"
"717","false","false","true","0.71","999","13.908"
"719","false","false","true","0.71","999","15.628"
"718","false","false","true","0.71","999","16.476"
"722","false","false","true","0.72","999","13.816"
"721","false","false","true","0.72","999","15.292"
"723","false","false","true","0.72","999","13.76"
"720","false","false","true","0.71","999","14.072"
"725","false","false","true","0.72","999","15.952"
"724","false","false","true","0.72","999","14.676"
"726","false","false","true","0.72","999","14.76"
"727","false","false","true","0.72","999","14.9"
"728","false","false","true","0.72","999","13.96"
"730","false","false","true","0.72","999","15.004"
"729","false","false","true","0.72","999","15.272"
"731","false","false","true","0.73","999","13.62"
"732","false","false","true","0.73","999","16.056"
"733","false","false","true","0.73","999","14.08"
"734","false","false","true","0.73","999","14.848"
"736","false","false","true","0.73","999","15.172"
"738","false","false","true","0.73","999","13.792"
"735","false","false","true","0.73","999","14.384"
"737","false","false","true","0.73","999","14.976"
"739","false","false","true","0.73","999","14.46"
"740","false","false","true","0.73","999","13.768"
"741","false","false","true","0.74","999","16.04"
"742","false","false","true","0.74","999","15.728"
"744","false","false","true","0.74","999","13.776"
"743","false","false","true","0.74","999","13.36"
"746","false","false","true","0.74","999","16.732"
"745","false","false","true","0.74","999","13.624"
"747","false","false","true","0.74","999","13.964"
"748","false","false","true","0.74","999","13.636"
"750","false","false","true","0.74","999","13.964"
"749","false","false","true","0.74","999","14.744"
"751","false","false","true","0.75","999","14.76"
"753","false","false","true","0.75","999","14.156"
"752","false","false","true","0.75","999","15.096"
"755","false","false","true","0.75","999","14.052"
"754","false","false","true","0.75","999","14.812"
"759","false","false","true","0.75","999","13.568"
"757","false","false","true","0.75","999","13.692"
"758","false","false","true","0.75","999","13.72"
"756","false","false","true","0.75","999","13.3"
"760","false","false","true","0.75","999","15.336"
"761","false","false","true","0.76","999","14.668"
"764","false","false","true","0.76","999","13.032"
"763","false","false","true","0.76","999","13.248"
"765","false","false","true","0.76","999","12.972"
"762","false","false","true","0.76","999","14.072"
"766","false","false","true","0.76","999","13.452"
"767","false","false","true","0.76","999","13.752"
"768","false","false","true","0.76","999","14.176"
"769","false","false","true","0.76","999","15.116"
"770","false","false","true","0.76","999","14.836"
"771","false","false","true","0.77","999","14.556"
"772","false","false","true","0.77","999","14.32"
"774","false","false","true","0.77","999","13.364"
"773","false","false","true","0.77","999","15.568"
"775","false","false","true","0.77","999","14"
"776","false","false","true","0.77","999","16.764"
"778","false","false","true","0.77","999","15.568"
"780","false","false","true","0.77","999","14.736"
"777","false","false","true","0.77","999","14.864"
"779","false","false","true","0.77","999","13.98"
"781","false","false","true","0.78","999","15.452"
"782","false","false","true","0.78","999","14.34"
"784","false","false","true","0.78","999","15.448"
"783","false","false","true","0.78","999","14.784"
"785","false","false","true","0.78","999","14.804"
"787","false","false","true","0.78","999","14.272"
"786","false","false","true","0.78","999","13.412"
"788","false","false","true","0.78","999","13.748"
"789","false","false","true","0.78","999","15.384"
"790","false","false","true","0.78","999","13.98"
"793","false","false","true","0.79","999","12.64"
"792","false","false","true","0.79","999","14.1"
"795","false","false","true","0.79","999","15.564"
"794","false","false","true","0.79","999","12.464"
"791","false","false","true","0.79","999","14.524"
"797","false","false","true","0.79","999","14.004"
"796","false","false","true","0.79","999","12.224"
"798","false","false","true","0.79","999","13.192"
"801","false","false","true","0.8","999","13.54"
"802","false","false","true","0.8","999","13.16"
"799","false","false","true","0.79","999","12.324"
"800","false","false","true","0.79","999","15.464"
"803","false","false","true","0.8","999","13.992"
"805","false","false","true","0.8","999","12.916"
"804","false","false","true","0.8","999","13.644"
"806","false","false","true","0.8","999","14.736"
"808","false","false","true","0.8","999","12.84"
"807","false","false","true","0.8","999","14.64"
"809","false","false","true","0.8","999","15.42"
"812","false","false","true","0.81","999","13.084"
"811","false","false","true","0.81","999","13.588"
"810","false","false","true","0.8","999","13.748"
"813","false","false","true","0.81","999","13.784"
"814","false","false","true","0.81","999","14"
"816","false","false","true","0.81","999","13.384"
"815","false","false","true","0.81","999","14.768"
"817","false","false","true","0.81","999","13.184"
"819","false","false","true","0.81","999","12.176"
"818","false","false","true","0.81","999","13.396"
"821","false","false","true","0.82","999","12.908"
"820","false","false","true","0.81","999","13.82"
"822","false","false","true","0.82","999","13.448"
"823","false","false","true","0.82","999","13.832"
"824","false","false","true","0.82","999","12.904"
"826","false","false","true","0.82","999","14.772"
"825","false","false","true","0.82","999","13.328"
"827","false","false","true","0.82","999","13.116"
"828","false","false","true","0.82","999","12.892"
"830","false","false","true","0.82","999","12.656"
"831","false","false","true","0.83","999","13.996"
"829","false","false","true","0.82","999","13.84"
"834","false","false","true","0.83","999","14.012"
"832","false","false","true","0.83","999","13.68"
"835","false","false","true","0.83","999","11.888"
"836","false","false","true","0.83","999","14.448"
"833","false","false","true","0.83","999","12.792"
"837","false","false","true","0.83","999","13.384"
"839","false","false","true","0.83","999","11.156"
"838","false","false","true","0.83","999","13.672"
"841","false","false","true","0.84","999","12.72"
"840","false","false","true","0.83","999","12.392"
"842","false","false","true","0.84","999","14.172"
"843","false","false","true","0.84","999","14.052"
"844","false","false","true","0.84","999","12.708"
"846","false","false","true","0.84","999","14.72"
"845","false","false","true","0.84","999","12.208"
"847","false","false","true","0.84","999","13.084"
"850","false","false","true","0.84","999","12.94"
"849","false","false","true","0.84","999","13.008"
"852","false","false","true","0.85","999","10.972"
"848","false","false","true","0.84","999","12.78"
"853","false","false","true","0.85","999","13.552"
"851","false","false","true","0.85","999","12.636"
"854","false","false","true","0.85","999","12.748"
"855","false","false","true","0.85","999","14.176"
"856","false","false","true","0.85","999","12.844"
"857","false","false","true","0.85","999","12.592"
"858","false","false","true","0.85","999","13.252"
"859","false","false","true","0.85","999","13.396"
"860","false","false","true","0.85","999","12.908"
"862","false","false","true","0.86","999","12.08"
"861","false","false","true","0.86","999","13.144"
"864","false","false","true","0.86","999","12.432"
"865","false","false","true","0.86","999","12.12"
"863","false","false","true","0.86","999","13.008"
"866","false","false","true","0.86","999","12.576"
"867","false","false","true","0.86","999","12.752"
"868","false","false","true","0.86","999","11.96"
"869","false","false","true","0.86","999","12.632"
"872","false","false","true","0.87","999","11.896"
"873","false","false","true","0.87","999","11.312"
"871","false","false","true","0.87","999","12.38"
"870","false","false","true","0.86","999","12.344"
"874","false","false","true","0.87","999","13.152"
"875","false","false","true","0.87","999","11.764"
"876","false","false","true","0.87","999","12.836"
"878","false","false","true","0.87","999","12.568"
"880","false","false","true","0.87","999","12.828"
"879","false","false","true","0.87","999","11.764"
"877","false","false","true","0.87","999","12.7"
"881","false","false","true","0.88","999","14.692"
"882","false","false","true","0.88","999","13.284"
"883","false","false","true","0.88","999","11.644"
"884","false","false","true","0.88","999","12.152"
"885","false","false","true","0.88","999","11.76"
"886","false","false","true","0.88","999","13.296"
"887","false","false","true","0.88","999","12.24"
"890","false","false","true","0.88","999","12.408"
"888","false","false","true","0.88","999","11.84"
"889","false","false","true","0.88","999","10.712"
"891","false","false","true","0.89","999","12.616"
"893","false","false","true","0.89","999","13.368"
"892","false","false","true","0.89","999","11.292"
"894","false","false","true","0.89","999","11.416"
"895","false","false","true","0.89","999","11.724"
"896","false","false","true","0.89","999","11.128"
"897","false","false","true","0.89","999","15.16"
"899","false","false","true","0.89","999","12.36"
"898","false","false","true","0.89","999","12.888"
"900","false","false","true","0.89","999","10.996"
"902","false","false","true","0.9","999","11.636"
"901","false","false","true","0.9","999","10.828"
"904","false","false","true","0.9","999","12.524"
"903","false","false","true","0.9","999","10.784"
"907","false","false","true","0.9","999","11.888"
"906","false","false","true","0.9","999","11.1"
"905","false","false","true","0.9","999","11.372"
"908","false","false","true","0.9","999","11.612"
"910","false","false","true","0.9","999","11.24"
"911","false","false","true","0.91","999","10.64"
"909","false","false","true","0.9","999","11.904"
"912","false","false","true","0.91","999","10.72"
"913","false","false","true","0.91","999","12.352"
"915","false","false","true","0.91","999","10.848"
"914","false","false","true","0.91","999","12.108"
"916","false","false","true","0.91","999","10.932"
"917","false","false","true","0.91","999","10.892"
"918","false","false","true","0.91","999","11.656"
"920","false","false","true","0.91","999","12.168"
"919","false","false","true","0.91","999","12.724"
"921","false","false","true","0.92","999","11.732"
"924","false","false","true","0.92","999","11.252"
"922","false","false","true","0.92","999","13.796"
"923","false","false","true","0.92","999","11.56"
"926","false","false","true","0.92","999","11.984"
"925","false","false","true","0.92","999","11.748"
"927","false","false","true","0.92","999","12.132"
"929","false","false","true","0.92","999","9.98"
"930","false","false","true","0.92","999","10.904"
"928","false","false","true","0.92","999","9.572"
"931","false","false","true","0.93","999","10.308"
"934","false","false","true","0.93","999","10.928"
"933","false","false","true","0.93","999","10.472"
"932","false","false","true","0.93","999","11.976"
"935","false","false","true","0.93","999","10.688"
"936","false","false","true","0.93","999","10.5"
"937","false","false","true","0.93","999","11.748"
"938","false","false","true","0.93","999","11.168"
"940","false","false","true","0.93","999","10.588"
"941","false","false","true","0.94","999","11.452"
"939","false","false","true","0.93","999","11.84"
"942","false","false","true","0.94","999","11.488"
"943","false","false","true","0.94","999","11.44"
"944","false","false","true","0.94","999","11.488"
"945","false","false","true","0.94","999","10.956"
"947","false","false","true","0.94","999","11.032"
"949","false","false","true","0.94","999","11.756"
"948","false","false","true","0.94","999","13.176"
"946","false","false","true","0.94","999","10.808"
"951","false","false","true","0.95","999","9.956"
"950","false","false","true","0.94","999","10.6"
"952","false","false","true","0.95","999","11.516"
"954","false","false","true","0.95","999","9.348"
"953","false","false","true","0.95","999","11.552"
"956","false","false","true","0.95","999","10.76"
"955","false","false","true","0.95","999","10.372"
"957","false","false","true","0.95","999","11.548"
"959","false","false","true","0.95","999","11.952"
"958","false","false","true","0.95","999","10.684"
"962","false","false","true","0.96","999","12.152"
"963","false","false","true","0.96","999","12.136"
"964","false","false","true","0.96","999","10.48"
"960","false","false","true","0.95","999","11.832"
"961","false","false","true","0.96","999","11.556"
"965","false","false","true","0.96","999","10.172"
"966","false","false","true","0.96","999","10.976"
"967","false","false","true","0.96","999","10.308"
"968","false","false","true","0.96","999","10.988"
"969","false","false","true","0.96","999","9.884"
"970","false","false","true","0.96","999","10.056"
"972","false","false","true","0.97","999","9.496"
"971","false","false","true","0.97","999","9.932"
"974","false","false","true","0.97","999","10.144"
"973","false","false","true","0.97","999","9.684"
"975","false","false","true","0.97","999","10"
"977","false","false","true","0.97","999","9.368"
"976","false","false","true","0.97","999","11.208"
"978","false","false","true","0.97","999","8.616"
"979","false","false","true","0.97","999","9.868"
"980","false","false","true","0.97","999","10.008"
"981","false","false","true","0.98","999","9.712"
"982","false","false","true","0.98","999","9.9"
"983","false","false","true","0.98","999","9.572"
"985","false","false","true","0.98","999","9.932"
"984","false","false","true","0.98","999","8.816"
"986","false","false","true","0.98","999","8.132"
"987","false","false","true","0.98","999","9.436"
"991","false","false","true","0.99","999","9.432"
"988","false","false","true","0.98","999","10.408"
"990","false","false","true","0.98","999","8.848"
"989","false","false","true","0.98","999","12.32"
"992","false","false","true","0.99","999","7.92"
"993","false","false","true","0.99","999","7.464"
"994","false","false","true","0.99","999","8.264"
"995","false","false","true","0.99","999","8.252"
"996","false","false","true","0.99","999","7.992"
"997","false","false","true","0.99","999","9.496"
"998","false","false","true","0.99","999","8.816"
"999","false","false","true","0.99","999","8.356"
"1000","false","false","true","0.99","999","7.34"
"1001","false","false","true","1","999","6.24"
"1002","false","false","true","1","999","6.36"
"1005","false","false","true","1","999","5.696"
"1004","false","false","true","1","999","6.116"
"1007","false","false","true","1","999","7.8"
"1006","false","false","true","1","999","6.872"
"1003","false","false","true","1","999","5.952"
"1008","false","false","true","1","999","6.312"
"1009","false","false","true","1","999","6.512"
"1010","false","false","true","1","999","6.452"
